pc1,pc2,usage_kwh,hour,load_type
0.612538,0.16945659,3.309999999999997,3.749999999999999,0.0
0.6063075,0.17504172,3.8899999999999886,4.0,0.0
0.5969715,0.18201935,3.279999999999988,4.249999999999999,0.0
0.58983755,0.18777679,3.5599999999999934,4.5,0.0
0.5811976,0.19366363,3.7399999999999882,4.75,0.0
0.5713416,0.19995464,3.309999999999997,5.0,0.0
0.56432617,0.20451711,3.5599999999999934,5.25,0.0
0.5559975,0.20929155,3.5599999999999934,5.499999999999999,0.0
0.5464802,0.21454519,3.279999999999988,5.75,0.0
0.5382184,0.21824397,3.779999999999995,6.0,0.0
0.52813995,0.22295396,3.349999999999989,6.250000000000002,0.0
0.5180437,0.2279952,3.2399999999999953,6.500000000000001,0.0
0.50778437,0.23033501,3.8899999999999886,6.75,0.0
0.49322844,0.23375814,3.309999999999997,7.000000000000001,0.0
0.47423446,0.23412947,3.279999999999988,7.25,0.0
0.4320681,0.2185518,3.8499999999999965,7.499999999999999,0.0
0.23183668,0.12441341,3.199999999999988,7.75,0.0
-0.4930787,-0.21458246,3.309999999999997,8.0,0.0
-0.5481487,-0.38320628,3.779999999999995,8.250000000000002,0.0
-0.5476782,-0.4480028,3.279999999999988,8.5,0.0
-0.5425066,-0.48786604,3.4899999999999918,8.750000000000002,0.0
-0.48751813,-0.5729533,3.8899999999999886,9.0,0.0
-0.44206184,-0.6557165,3.5999999999999854,9.250000000000002,0.0
-0.3942163,-0.7293908,4.029999999999991,9.5,0.0
-0.3439657,-0.79610604,3.9199999999999977,9.749999999999998,0.0
-0.29477665,-0.8548268,3.639999999999993,10.0,0.0
-0.2492625,-0.89883316,4.0699999999999985,10.25,0.0
-0.21390711,-0.9248843,3.7099999999999937,10.5,0.0
-0.19160324,-0.9381229,3.5999999999999854,10.75,0.0
-0.17564777,-0.94073206,4.209999999999987,10.999999999999998,0.0
-0.19009387,-0.9309045,3.4899999999999918,11.25,0.0
-0.2061952,-0.92415565,3.4599999999999977,11.5,0.0
-0.2124966,-0.9197265,3.999999999999997,11.75,0.0
-0.2240264,-0.9109434,3.4899999999999918,12.0,0.0
-0.20775709,-0.9099,3.5999999999999854,12.25,0.0
-0.19482385,-0.9071811,4.249999999999994,12.5,0.0
-0.18317083,-0.8993581,3.6699999999999866,12.749999999999998,0.0
-0.17191963,-0.8959785,3.6699999999999866,12.999999999999998,0.0
-0.1576748,-0.8891639,4.249999999999994,13.25,0.0
-0.14499825,-0.8797137,3.639999999999993,13.5,0.0
-0.13433981,-0.8702286,3.6699999999999866,13.75,0.0
-0.12013997,-0.8564645,4.279999999999988,13.999999999999998,0.0
-0.10541186,-0.8397843,3.639999999999993,14.25,0.0
-0.08986351,-0.8226697,3.779999999999995,14.5,0.0
-0.06844887,-0.8007187,4.0999999999999925,14.75,0.0
-0.043785214,-0.775018,3.639999999999993,14.999999999999996,0.0
-0.014735699,-0.7465427,3.9199999999999977,15.249999999999998,0.0
0.02155435,-0.7108,4.0999999999999925,15.499999999999996,0.0
0.06520337,-0.6677092,3.5999999999999854,15.75,0.0
0.11796409,-0.61588377,3.9599999999999898,15.999999999999998,0.0
0.18012851,-0.5516629,3.999999999999997,16.25,0.0
0.25047988,-0.47609827,3.5999999999999854,16.5,0.0
0.32562858,-0.38999218,4.0699999999999985,16.75,0.0
0.39966857,-0.2964971,3.819999999999987,17.0,0.0
0.46620387,-0.20374079,3.5599999999999934,17.25,0.0
0.5181165,-0.11770529,4.0999999999999925,17.5,0.0
0.55475086,-0.044711955,3.5999999999999854,17.75,0.0
0.5772664,0.012100602,3.5999999999999854,18.0,0.0
0.58601695,0.059719473,3.999999999999997,18.249999999999996,0.0
0.5851253,0.09349381,3.4199999999999906,18.5,0.0
0.5811163,0.11359865,3.6699999999999866,18.75,0.0
0.5786317,0.12664446,4.0699999999999985,18.999999999999996,0.0
0.5821408,0.13053833,3.529999999999999,19.25,0.0
0.5890018,0.12948702,3.8499999999999965,19.499999999999996,0.0
0.59637326,0.12550743,3.9599999999999898,19.75,0.0
0.60587955,0.11959676,3.5599999999999934,20.0,0.0
0.61525196,0.11371092,4.029999999999991,20.249999999999996,0.0
0.62470466,0.107052095,3.7399999999999882,20.499999999999996,0.0
0.63498724,0.10069104,3.5599999999999934,20.75,0.0
0.64349705,0.095124,4.209999999999987,21.0,0.0
0.6524432,0.088940434,3.5599999999999934,21.25,0.0
0.66181386,0.08372874,3.529999999999999,21.5,0.0
0.6687343,0.079312794,4.249999999999994,21.749999999999996,0.0
0.676213,0.074314766,3.529999999999999,21.999999999999996,0.0
0.68670833,0.07006181,3.5599999999999934,22.25,0.0
0.7006291,0.0688226,3.6699999999999866,22.5,0.0
0.6962825,0.07326275,3.2399999999999953,22.75,0.0
0.6885425,0.078948505,3.529999999999999,22.999999999999996,0.0
0.67915833,0.08599921,3.529999999999999,23.249999999999996,0.0
0.67336786,0.09200408,3.2399999999999953,23.5,0.0
0.671222,0.097807355,3.6699999999999866,23.75,0.0
0.64440644,0.1077485,4.609999999999998,0.0,0.0
0.65138674,0.10087476,3.199999999999988,0.2500000000000003,0.0
0.65875554,0.099093415,3.8499999999999965,0.49999999999999983,0.0
0.66141355,0.09721998,3.279999999999988,0.7499999999999997,0.0
0.6631775,0.09581408,3.349999999999989,1.0000000000000002,0.0
0.66456926,0.09564776,3.8899999999999886,1.2500000000000002,0.0
0.66200817,0.09769159,3.279999999999988,1.5000000000000002,0.0
0.6608815,0.100218676,3.4599999999999977,1.7500000000000007,0.0
0.6576984,0.104913525,3.779999999999995,2.0,0.0
0.6498532,0.110884,3.309999999999997,2.249999999999999,0.0
0.64647853,0.11592094,3.5999999999999854,2.5,0.0
0.6399143,0.1227886,3.639999999999993,2.7500000000000004,0.0
0.6331146,0.12923396,3.279999999999988,3.0,0.0
0.6278527,0.13514614,3.7099999999999937,3.2500000000000004,0.0
0.61973584,0.14168355,3.5599999999999934,3.5000000000000004,0.0
0.61372656,0.14699715,3.2399999999999953,3.749999999999999,0.0
0.60858047,0.15184513,3.8899999999999886,4.0,0.0
0.6000861,0.15809208,3.279999999999988,4.249999999999999,0.0
0.5945851,0.16310681,3.279999999999988,4.5,0.0
0.5881736,0.16806361,3.9599999999999898,4.75,0.0
0.57864994,0.17507304,3.2399999999999953,5.0,0.0
0.57123005,0.18103622,3.4599999999999977,5.25,0.0
0.5623212,0.18685468,3.6699999999999866,5.499999999999999,0.0
0.552786,0.19362627,3.2399999999999953,5.75,0.0
0.54324687,0.19958395,3.6699999999999866,6.0,0.0
0.53287476,0.20510347,3.529999999999999,6.250000000000002,0.0
0.52204317,0.21170147,3.199999999999988,6.500000000000001,0.0
0.5105754,0.21576275,3.779999999999995,6.75,0.0
0.49482733,0.21971242,3.349999999999989,7.000000000000001,0.0
0.47221148,0.21983548,3.529999999999999,7.25,0.0
0.4063732,0.20829241,6.299999999999997,7.499999999999999,0.0
0.17730498,0.093340576,6.0499999999999865,7.75,0.0
-0.47226667,-0.23723376,6.729999999999988,8.0,0.0
-0.57074386,-0.37712008,29.019999999999996,8.250000000000002,0.0
-0.5030617,-0.34209827,46.18999999999999,8.5,0.0
-0.48725322,-0.33058193,52.059999999999995,8.750000000000002,0.0
-0.49344218,-0.31593838,56.2,9.0,0.0
-0.45053464,-0.3105478,56.84,9.250000000000002,1.0
-0.43198425,-0.32981178,51.25999999999999,9.5,1.0
-0.45100376,-0.3623196,48.129999999999995,9.749999999999998,1.0
-0.4683432,-0.33462867,52.81,10.0,1.0
-0.5076997,-0.2911651,54.789999999999985,10.25,0.5
-0.52746105,-0.27530086,53.21,10.5,0.5
-0.5830301,-0.18598036,80.21,10.75,0.5
-0.5844637,-0.1208112,77.58,10.999999999999998,0.5
-0.64445984,-0.0023691114,128.52,11.25,0.5
-0.72039086,0.092993975,144.47,11.5,0.5
-0.70632446,-0.112555854,90.86,11.75,0.5
0.2205919,-1.6192816,123.3,12.0,0.5
0.0031913817,-1.2402264,19.219999999999995,12.25,1.0
-0.2603598,-0.8362777,8.459999999999997,12.5,1.0
-0.43703234,-0.34141162,8.239999999999995,12.749999999999998,1.0
-0.99405605,0.1974497,8.029999999999989,12.999999999999998,1.0
-1.0085845,0.26441947,79.67,13.25,1.0
-0.9762231,0.30054882,97.85,13.5,1.0
-0.9670658,0.29456434,124.45,13.75,1.0
-0.9022848,0.28710303,108.61,13.999999999999998,1.0
-0.9007365,0.30610093,123.12000000000002,14.25,1.0
-0.89352983,0.3383378,129.1,14.5,1.0
-0.88194644,0.33941963,82.07999999999998,14.75,1.0
-0.9292754,0.3867276,143.89,14.999999999999996,1.0
-0.8845405,0.36891028,86.90000000000002,15.249999999999998,1.0
-0.9290298,0.38319403,141.43999999999997,15.499999999999996,1.0
-0.88206387,0.3707501,116.53,15.75,1.0
-0.940441,0.39813188,129.31,15.999999999999998,1.0
-0.8987621,0.38765767,136.44,16.25,1.0
-0.8848663,0.38915032,85.72,16.5,1.0
-0.97550046,0.46657673,147.46,16.75,1.0
-0.8325786,0.3885833,86.94,17.0,1.0
-0.7886927,0.33626285,67.25,17.25,0.5
-0.7585181,0.26640487,115.77999999999999,17.5,0.5
-0.69977444,0.20299463,113.11,17.75,0.5
-0.625324,0.12072184,76.75,18.0,0.5
-0.58140004,0.003400283,41.900000000000006,18.249999999999996,0.5
-0.5944256,-0.08881545,37.39999999999999,18.5,0.5
-0.54628384,-0.105993696,40.24999999999999,18.75,0.5
-0.43320322,-0.13173378,34.92,18.999999999999996,0.5
-0.3170089,-0.06846378,41.36,19.25,0.5
-0.13294598,0.023160642,35.959999999999994,19.499999999999996,0.5
0.04303807,0.13924763,39.419999999999995,19.75,0.5
0.13871476,0.19801264,38.16,20.0,0.5
0.1261689,0.21034876,33.23,20.249999999999996,1.0
0.13101408,0.226427,25.879999999999995,20.499999999999996,1.0
0.176009,0.2682474,10.839999999999996,20.75,1.0
0.19820511,0.33945233,9.29,21.0,1.0
0.21217895,0.34574094,6.98,21.25,1.0
0.24176544,0.29039606,5.10999999999999,21.5,1.0
0.266589,0.24970184,5.0799999999999965,21.749999999999996,1.0
0.2858929,0.22912942,5.039999999999989,21.999999999999996,1.0
0.38002396,0.19753252,4.929999999999995,22.25,0.5
0.46993566,0.17356111,4.639999999999992,22.5,0.5
0.51524156,0.1555504,4.68,22.75,0.5
0.53556204,0.15141384,4.68,22.999999999999996,0.5
0.5983803,0.131449,4.5699999999999905,23.249999999999996,0.0
0.63846713,0.10503081,4.5699999999999905,23.5,0.0
0.66174495,0.086146586,4.5399999999999965,23.75,0.0
0.67076695,0.07630981,4.5699999999999905,0.0,0.0
0.67431986,0.07209058,4.609999999999998,0.2500000000000003,0.0
0.67374146,0.071971655,4.609999999999998,0.49999999999999983,0.0
0.67151415,0.07370358,4.5699999999999905,0.7499999999999997,0.0
0.66871905,0.076716274,4.5699999999999905,1.0000000000000002,0.0
0.6640099,0.080643095,4.639999999999992,1.2500000000000002,0.0
0.65922177,0.08567851,4.639999999999992,1.5000000000000002,0.0
0.6534096,0.092870824,4.609999999999998,1.7500000000000007,0.0
0.6461064,0.100290544,4.5699999999999905,2.0,0.0
0.64064336,0.10559224,4.609999999999998,2.249999999999999,0.0
0.637614,0.11013446,4.639999999999992,2.5,0.0
0.6333095,0.115061365,4.639999999999992,2.7500000000000004,0.0
0.629153,0.1196297,4.5699999999999905,3.0,0.0
0.623742,0.1256742,4.639999999999992,3.2500000000000004,0.0
0.61563945,0.13225062,4.639999999999992,3.5000000000000004,0.0
0.60860777,0.13786027,4.68,3.749999999999999,0.0
0.6018472,0.14366685,4.5699999999999905,4.0,0.0
0.59513247,0.1492717,4.5399999999999965,4.249999999999999,0.0
0.5886184,0.15459093,4.609999999999998,4.5,0.0
0.58108187,0.16038029,4.5699999999999905,4.75,0.0
0.5732652,0.16606013,4.609999999999998,5.0,0.0
0.5649198,0.17192386,4.5399999999999965,5.25,0.0
0.5566962,0.17767872,4.5699999999999905,5.499999999999999,0.0
0.5486791,0.1834116,4.5699999999999905,5.75,0.0
0.5391966,0.19007352,4.5699999999999905,6.0,0.0
0.5282227,0.19690984,4.639999999999992,6.250000000000002,0.0
0.51545763,0.2042135,4.5699999999999905,6.500000000000001,0.0
0.5026162,0.21002896,4.609999999999998,6.75,0.0
0.48590225,0.21530406,4.5399999999999965,7.000000000000001,0.0
0.46250278,0.21535492,4.459999999999997,7.25,0.0
0.40051383,0.20473534,6.119999999999988,7.499999999999999,0.0
0.17924231,0.10535655,7.919999999999996,7.75,0.0
-0.45178008,-0.20945467,9.579999999999988,8.0,0.0
-0.5570863,-0.3474166,37.01,8.250000000000002,0.0
-0.5133263,-0.27164826,74.59,8.5,0.0
-0.49963588,-0.17117338,109.48,8.750000000000002,0.0
-0.50757694,-0.10355184,105.08,9.0,0.0
-0.4878167,-0.08768217,121.79,9.250000000000002,1.0
-0.5031042,-0.044154376,114.48,9.5,1.0
-0.47171894,-0.07441097,74.2,9.749999999999998,1.0
-0.4098467,-0.1953458,54.32,10.0,1.0
-0.49471375,-0.24425086,75.17,10.25,0.5
-0.45565754,-0.24645616,58.07,10.5,0.5
-0.52485746,-0.27175835,67.03,10.75,0.5
-0.5172702,-0.19652076,74.59,10.999999999999998,0.5
-0.5377315,-0.20792098,57.56,11.25,0.5
-0.6450039,-0.16165638,78.62,11.5,0.5
-0.69227064,-0.30302548,69.16,11.75,0.5
0.20855343,-1.6683627,74.05,12.0,0.5
0.038704515,-1.3702871,11.269999999999987,12.25,1.0
-0.23098727,-0.9210948,8.209999999999999,12.5,1.0
-0.45984647,-0.48026994,8.139999999999999,12.749999999999998,1.0
-0.86098224,-0.15399365,7.699999999999994,12.999999999999998,1.0
-0.80821645,-0.13080576,51.25999999999999,13.25,1.0
-0.7108368,-0.110952534,52.69999999999999,13.5,1.0
-0.7090526,-0.12229352,55.84,13.75,1.0
-0.7065841,-0.10813628,57.199999999999996,13.999999999999998,1.0
-0.7278431,-0.013533565,76.57,14.25,1.0
-0.699042,0.03341995,61.12999999999999,14.5,1.0
-0.73788524,0.0614594,66.74,14.75,1.0
-0.7059256,0.04588896,55.8,14.999999999999996,1.0
-0.71582484,0.010152036,57.45999999999999,15.249999999999998,1.0
-0.7094439,0.037438035,71.28,15.499999999999996,1.0
-0.69886684,0.08309416,73.14999999999999,15.75,1.0
-0.6991538,0.11787426,68.98,15.999999999999998,1.0
-0.7194093,0.16476335,85.0,16.25,1.0
-0.74488807,0.24123527,116.53,16.5,1.0
-0.79522586,0.3178061,118.62000000000002,16.75,1.0
-0.82496417,0.36857182,105.05,17.0,1.0
-0.8416711,0.39592275,140.51,17.25,0.5
-0.73907804,0.34213528,114.01,17.5,0.5
-0.73730135,0.3539913,125.96,17.75,0.5
-0.57296246,0.22151423,73.62,18.0,0.5
-0.54759425,0.04705871,36.219999999999985,18.249999999999996,0.5
-0.6425522,-0.05441045,39.82,18.5,0.5
-0.5202731,-0.09560328,37.08,18.75,0.5
-0.46634728,-0.1335007,42.97999999999998,18.999999999999996,0.5
-0.34778184,-0.118345596,37.94,19.25,0.5
-0.19536619,-0.037308082,39.709999999999994,19.499999999999996,0.5
-0.0076581836,0.10064087,43.2,19.75,0.5
0.13465035,0.19052629,37.32999999999999,20.0,0.5
0.101419926,0.20861472,41.0,20.249999999999996,1.0
0.07241318,0.21838312,37.3,20.499999999999996,1.0
0.07604617,0.2630572,32.71999999999999,20.75,1.0
0.112110704,0.3212876,9.829999999999998,21.0,1.0
0.15855497,0.39779457,7.959999999999988,21.25,1.0
0.21913755,0.32882416,5.439999999999986,21.5,1.0
0.2554245,0.26082543,5.10999999999999,21.749999999999996,1.0
0.2779324,0.23058127,5.179999999999992,21.999999999999996,1.0
0.37265497,0.1966563,4.969999999999986,22.25,0.5
0.46215415,0.17231052,4.749999999999986,22.5,0.5
0.510378,0.15119863,4.639999999999992,22.75,0.5
0.532997,0.1446303,4.639999999999992,22.999999999999996,0.5
0.5957682,0.124792255,4.719999999999991,23.249999999999996,0.0
0.6371503,0.098314054,4.609999999999998,23.5,0.0
0.6622417,0.079283886,4.5699999999999905,23.75,0.0
0.68731713,0.06575983,4.639999999999992,0.0,0.0
0.6855439,0.06865575,4.609999999999998,0.2500000000000003,0.0
0.6798295,0.074000664,4.639999999999992,0.49999999999999983,0.0
0.67337155,0.08084247,4.639999999999992,0.7499999999999997,0.0
0.6669532,0.08793828,4.609999999999998,1.0000000000000002,0.0
0.65983045,0.09496554,4.609999999999998,1.2500000000000002,0.0
0.6538191,0.102269106,4.609999999999998,1.5000000000000002,0.0
0.64529467,0.1103174,4.68,1.7500000000000007,0.0
0.63983744,0.116971724,4.639999999999992,2.0,0.0
0.63531184,0.12247237,4.609999999999998,2.249999999999999,0.0
0.6319979,0.12667744,4.639999999999992,2.5,0.0
0.628426,0.13072422,4.609999999999998,2.7500000000000004,0.0
0.6242819,0.1346192,4.68,3.0,0.0
0.6189424,0.13959382,4.68,3.2500000000000004,0.0
0.61275834,0.14517538,4.609999999999998,3.5000000000000004,0.0
0.6063024,0.15086694,4.609999999999998,3.749999999999999,0.0
0.59986067,0.1567847,4.68,4.0,0.0
0.59117997,0.1633248,4.609999999999998,4.249999999999999,0.0
0.58358556,0.16890335,4.639999999999992,4.5,0.0
0.57541,0.17464034,4.639999999999992,4.75,0.0
0.5683299,0.17975132,4.609999999999998,5.0,0.0
0.55983377,0.18550403,4.609999999999998,5.25,0.0
0.5512916,0.19069575,4.639999999999992,5.499999999999999,0.0
0.54225266,0.19604853,4.609999999999998,5.75,0.0
0.53372484,0.20100112,4.609999999999998,6.0,0.0
0.52428013,0.20643552,4.609999999999998,6.250000000000002,0.0
0.5137805,0.21194859,4.639999999999992,6.500000000000001,0.0
0.50092435,0.21791336,4.5699999999999905,6.75,0.0
0.4843155,0.22285716,4.639999999999992,7.000000000000001,0.0
0.4622085,0.22240464,4.5399999999999965,7.25,0.0
0.4082415,0.21048017,5.359999999999986,7.499999999999999,0.0
0.19300747,0.118104436,7.059999999999999,7.75,0.0
-0.46820864,-0.19964027,7.809999999999987,8.0,0.0
-0.65025306,-0.23245919,83.22999999999999,8.250000000000002,0.0
-0.5398885,-0.09274534,136.19,8.5,0.0
-0.5680374,-0.050414816,108.29,8.750000000000002,0.0
-0.52949834,-0.035288587,131.18,9.0,0.0
-0.53666985,-0.00515501,136.04,9.250000000000002,1.0
-0.5775747,0.059190832,128.02,9.5,1.0
-0.58534527,0.08225336,132.84,9.749999999999998,1.0
-0.5889958,0.08152777,111.49,10.0,1.0
-0.5927404,0.0824973,124.78000000000002,10.25,0.5
-0.5605869,0.042038955,96.66,10.5,0.5
-0.5979115,0.04267721,128.81,10.75,0.5
-0.57213014,0.025395202,78.37,10.999999999999998,0.5
-0.6070578,0.0014765654,104.8,11.25,0.5
-0.66330874,0.09151744,131.83,11.5,0.5
-0.802474,0.12150035,113.11,11.75,0.5
0.2095207,-1.607927,128.05,12.0,0.5
0.12493795,-1.4551535,14.149999999999993,12.25,1.0
-0.15265939,-0.976257,7.849999999999994,12.5,1.0
-0.50972915,-0.31491244,7.0199999999999925,12.749999999999998,1.0
-1.0710804,0.21899962,7.629999999999994,12.999999999999998,1.0
-1.0749544,0.31933203,78.37,13.25,1.0
-1.0087302,0.36451554,135.43,13.5,1.0
-0.9852576,0.33211508,105.11999999999999,13.75,1.0
-0.9078678,0.31335574,120.6,13.999999999999998,1.0
-0.90384364,0.3178225,117.97,14.25,1.0
-0.89894253,0.33881447,121.93,14.5,1.0
-0.91292953,0.37660912,121.07,14.75,1.0
-0.9295136,0.4038672,115.42,14.999999999999996,1.0
-0.9298578,0.4101472,115.48999999999998,15.249999999999998,1.0
-0.9143363,0.39275104,101.92,15.499999999999996,1.0
-0.91342247,0.3860052,138.06,15.75,1.0
-0.90523636,0.38497683,118.94,15.999999999999998,1.0
-0.935568,0.40513262,144.29000000000002,16.25,1.0
-0.8628971,0.37406686,88.27000000000001,16.5,1.0
-0.9614974,0.44159475,119.99000000000001,16.75,1.0
-0.8479121,0.38488266,97.63,17.0,1.0
-0.91229653,0.4365575,130.61,17.25,0.5
-0.7567022,0.33499125,122.04,17.5,0.5
-0.5497798,0.10700897,43.059999999999995,17.75,0.5
-0.79324883,0.017720068,65.37999999999998,18.0,0.5
-0.6836857,-0.009482121,39.709999999999994,18.249999999999996,0.5
-0.6159184,-0.12075866,51.589999999999996,18.5,0.5
-0.5889726,-0.17818587,46.39999999999999,18.75,0.5
-0.51540095,-0.07493047,67.18,18.999999999999996,0.5
-0.41062075,-0.0054853316,53.389999999999986,19.25,0.5
-0.27214473,0.09060108,52.739999999999995,19.499999999999996,0.5
-0.19052914,0.18952344,69.84,19.75,0.5
-0.14822707,0.2422878,51.15999999999999,20.0,0.5
-0.205816,0.2821972,64.58,20.249999999999996,1.0
-0.24614836,0.33851388,69.3,20.499999999999996,1.0
-0.19184935,0.43333474,46.62,20.75,1.0
-0.13611917,0.5466833,36.219999999999985,21.0,1.0
0.008122146,0.51180553,8.279999999999987,21.25,1.0
0.18506193,0.37816373,6.079999999999996,21.5,1.0
0.23475653,0.29597712,5.259999999999992,21.749999999999996,1.0
0.2541167,0.2552019,5.149999999999997,21.999999999999996,1.0
0.3466252,0.21840616,5.039999999999989,22.25,0.5
0.44139028,0.18938981,4.819999999999987,22.5,0.5
0.49667758,0.16086422,4.749999999999986,22.75,0.5
0.5233273,0.15140536,4.789999999999993,22.999999999999996,0.5
0.5878266,0.13454069,4.639999999999992,23.249999999999996,0.0
0.62752503,0.11300806,4.639999999999992,23.5,0.0
0.65224516,0.09775572,4.609999999999998,23.75,0.0
0.68978846,0.08302178,4.139999999999985,0.0,0.0
0.68541133,0.09264508,4.719999999999991,0.2500000000000003,0.0
0.6759434,0.10291105,4.68,0.49999999999999983,0.0
0.6660131,0.113709085,4.68,0.7499999999999997,0.0
0.65570045,0.12385113,4.719999999999991,1.0000000000000002,0.0
0.6464831,0.13243273,4.68,1.2500000000000002,0.0
0.63901865,0.14003757,4.68,1.5000000000000002,0.0
0.6316948,0.1469318,4.609999999999998,1.7500000000000007,0.0
0.627378,0.15173829,4.609999999999998,2.0,0.0
0.62612617,0.15469053,4.639999999999992,2.249999999999999,0.0
0.6243011,0.15702105,4.639999999999992,2.5,0.0
0.6227958,0.15898994,4.68,2.7500000000000004,0.0
0.6195478,0.16159026,4.639999999999992,3.0,0.0
0.6151477,0.16541347,4.609999999999998,3.2500000000000004,0.0
0.6091199,0.17000805,4.68,3.5000000000000004,0.0
0.6030498,0.17484266,4.609999999999998,3.749999999999999,0.0
0.5956428,0.18026365,4.719999999999991,4.0,0.0
0.5880881,0.18532643,4.609999999999998,4.249999999999999,0.0
0.5813358,0.190108,4.609999999999998,4.5,0.0
0.5744449,0.19494852,4.609999999999998,4.75,0.0
0.56621295,0.20023768,4.609999999999998,5.0,0.0
0.5576518,0.20541584,4.68,5.25,0.0
0.54842,0.21086799,4.639999999999992,5.499999999999999,0.0
0.5387661,0.21635488,4.5699999999999905,5.75,0.0
0.5289872,0.22147131,4.639999999999992,6.0,0.0
0.51811934,0.22672601,4.609999999999998,6.250000000000002,0.0
0.5070845,0.23147331,4.639999999999992,6.500000000000001,0.0
0.49507684,0.23578186,4.609999999999998,6.75,0.0
0.48206937,0.23828374,4.609999999999998,7.000000000000001,0.0
0.46328413,0.23746039,4.5699999999999905,7.25,0.0
0.4144463,0.22762246,5.329999999999992,7.499999999999999,0.0
0.22284591,0.14642428,6.98,7.75,0.0
-0.48454416,-0.18118636,7.0199999999999925,8.0,0.0
-0.68643546,-0.22253673,72.14,8.250000000000002,0.0
-0.58025444,-0.09240398,117.61,8.5,0.0
-0.59360933,-0.057640918,98.71,8.750000000000002,0.0
-0.56879294,-0.025744995,136.48,9.0,0.0
-0.58797157,0.023100482,120.71,9.250000000000002,1.0
-0.5928971,0.050547235,94.82,9.5,1.0
-0.60484093,0.057711996,114.7,9.749999999999998,1.0
-0.6126943,0.092683874,132.16,10.0,1.0
-0.5968138,0.05780278,77.08,10.25,0.5
-0.6089108,0.03939011,128.56,10.5,0.5
-0.612128,0.07840983,132.48,10.75,0.5
-0.6524512,0.09840695,114.3,10.999999999999998,0.5
-0.6340558,0.10599082,129.85,11.25,0.5
-0.67910385,0.14347874,120.27999999999999,11.5,0.5
-0.835526,0.18264417,130.03,11.75,0.5
0.21709025,-1.641226,97.88,12.0,0.5
0.13391098,-1.4769586,8.859999999999992,12.25,1.0
-0.12819454,-0.9982542,7.919999999999996,12.5,1.0
-0.58654034,-0.26646176,8.319999999999993,12.749999999999998,1.0
-1.0636528,0.23804997,8.209999999999999,12.999999999999998,1.0
-1.0357387,0.26316687,50.07999999999999,13.25,1.0
-1.0072652,0.31779537,124.63,13.5,1.0
-0.97612023,0.32098037,114.05,13.75,1.0
-0.8652852,0.24280937,69.73,13.999999999999998,1.0
-0.8264673,0.15971442,72.57999999999998,14.25,1.0
-0.8131213,0.13235117,87.05,14.5,1.0
-0.8211011,0.20630188,132.23,14.75,1.0
-0.79436636,0.23450302,81.72,14.999999999999996,1.0
-0.8334863,0.2500802,96.84,15.249999999999998,1.0
-0.8123549,0.2748484,129.85,15.499999999999996,1.0
-0.8423792,0.295543,92.95,15.75,1.0
-0.8533284,0.31482664,146.34,15.999999999999998,1.0
-0.84787726,0.32709745,98.5,16.25,1.0
-0.8979378,0.3538945,129.67,16.5,1.0
-0.84427416,0.3420886,121.07,16.75,1.0
-0.8198807,0.32650143,69.8,17.0,1.0
-0.92164695,0.36842123,145.68999999999997,17.25,0.5
-0.7371867,0.26435354,117.68,17.5,0.5
-0.57601583,0.064818166,41.54,17.75,0.5
-0.84163177,0.03941039,75.06,18.0,0.5
-0.6919582,0.043710276,43.379999999999995,18.249999999999996,0.5
-0.672593,-0.053838365,68.54,18.5,0.5
-0.63168454,-0.08241947,59.8,18.75,0.5
-0.586221,-0.046210796,65.05,18.999999999999996,0.5
-0.5462999,0.015505286,66.99999999999999,19.25,0.5
-0.47377673,0.059389554,57.279999999999994,19.499999999999996,0.5
-0.4005018,0.1173201,55.61999999999998,19.75,0.5
-0.3019716,0.1692281,51.77,20.0,0.5
-0.23307204,0.21885023,44.17,20.249999999999996,1.0
-0.17761946,0.32126698,55.14999999999999,20.499999999999996,1.0
-0.12494701,0.41580996,38.04999999999999,20.75,1.0
-0.04136145,0.46419916,19.509999999999998,21.0,1.0
0.10815844,0.4080402,9.319999999999993,21.25,1.0
0.20625019,0.336085,4.609999999999998,21.5,1.0
0.24908662,0.299692,4.5399999999999965,21.749999999999996,1.0
0.26820838,0.26977697,4.5399999999999965,21.999999999999996,1.0
0.35571957,0.23337089,4.279999999999988,22.25,0.5
0.44774318,0.1994165,4.0999999999999925,22.5,0.5
0.50176287,0.16890469,4.139999999999985,22.75,0.5
0.5313411,0.15914634,4.0699999999999985,22.999999999999996,0.5
0.5957023,0.14433637,4.029999999999991,23.249999999999996,0.0
0.6387021,0.1257133,4.0699999999999985,23.5,0.0
0.6641364,0.11368003,4.139999999999985,23.75,0.0
0.61187595,0.051677406,3.5999999999999854,0.0,0.0
0.61889327,0.04056228,4.139999999999985,0.2500000000000003,0.0
0.6262758,0.04052183,4.139999999999985,0.49999999999999983,0.0
0.6267416,0.03857015,4.0999999999999925,0.7499999999999997,0.0
0.62675244,0.037613742,4.139999999999985,1.0000000000000002,0.0
0.6253593,0.036766052,4.139999999999985,1.2500000000000002,0.0
0.6246516,0.036117293,4.179999999999992,1.5000000000000002,0.0
0.62513417,0.03746429,4.139999999999985,1.7500000000000007,0.0
0.623369,0.04122103,4.179999999999992,2.0,0.0
0.6198765,0.045438178,4.179999999999992,2.249999999999999,0.0
0.6157566,0.04978761,4.179999999999992,2.5,0.0
0.61163366,0.054021902,4.279999999999988,2.7500000000000004,0.0
0.60747945,0.058632113,4.209999999999987,3.0,0.0
0.6024419,0.06388423,4.139999999999985,3.2500000000000004,0.0
0.5967844,0.06917667,4.179999999999992,3.5000000000000004,0.0
0.5912843,0.07470126,4.179999999999992,3.749999999999999,0.0
0.5837327,0.08111681,4.279999999999988,4.0,0.0
0.57673174,0.08734504,4.209999999999987,4.249999999999999,0.0
0.568936,0.09422145,4.179999999999992,4.5,0.0
0.5619483,0.10058331,4.209999999999987,4.75,0.0
0.5539275,0.10775701,4.179999999999992,5.0,0.0
0.5441655,0.11487027,4.249999999999994,5.25,0.0
0.5358618,0.12112617,4.179999999999992,5.499999999999999,0.0
0.5284886,0.12773365,4.139999999999985,5.75,0.0
0.5207181,0.13411552,4.139999999999985,6.0,0.0
0.51141894,0.1405678,4.139999999999985,6.250000000000002,0.0
0.49929357,0.14673723,4.209999999999987,6.500000000000001,0.0
0.48618,0.1506267,4.209999999999987,6.75,0.0
0.46819514,0.15200911,4.139999999999985,7.000000000000001,0.0
0.43378907,0.14587443,4.0699999999999985,7.25,0.0
0.34955502,0.11182455,4.0999999999999925,7.499999999999999,0.0
0.057299852,-0.030771336,4.0999999999999925,7.75,0.0
-0.3705794,-0.24277297,4.179999999999992,8.0,0.0
-0.4227005,-0.43422306,4.0699999999999985,8.250000000000002,0.0
-0.40792662,-0.57526606,4.0699999999999985,8.5,0.0
-0.38365442,-0.6524636,4.0699999999999985,8.750000000000002,0.0
-0.313169,-0.75071484,4.359999999999987,9.0,0.0
-0.24630219,-0.8117121,4.5399999999999965,9.250000000000002,0.0
-0.18843164,-0.8422852,4.429999999999988,9.5,0.0
-0.14485459,-0.86276966,3.999999999999997,9.749999999999998,0.0
-0.11314438,-0.87114936,4.249999999999994,10.0,0.0
-0.09092015,-0.8701455,4.279999999999988,10.25,0.0
-0.07872236,-0.8662968,3.819999999999987,10.5,0.0
-0.07238901,-0.86186236,4.319999999999995,10.75,0.0
-0.06898922,-0.8570666,3.4599999999999977,10.999999999999998,0.0
-0.084302425,-0.85187393,3.999999999999997,11.25,0.0
-0.09553313,-0.8482725,3.4899999999999918,11.5,0.0
-0.108190715,-0.85282284,3.7099999999999937,11.75,0.0
-0.11503522,-0.85121423,3.8899999999999886,12.0,0.0
-0.103579655,-0.8575471,3.529999999999999,12.25,0.0
-0.0903765,-0.8596868,4.249999999999994,12.5,0.0
-0.07504961,-0.854173,3.5599999999999934,12.749999999999998,0.0
-0.064549774,-0.8505028,4.029999999999991,12.999999999999998,0.0
-0.051214576,-0.8420841,3.639999999999993,13.25,0.0
-0.041389287,-0.8348559,3.529999999999999,13.5,0.0
-0.028653383,-0.8241765,4.029999999999991,13.75,0.0
-0.015703976,-0.81159264,3.379999999999998,13.999999999999998,0.0
-0.003089726,-0.79891294,3.7399999999999882,14.25,0.0
0.012628853,-0.78223896,3.819999999999987,14.5,0.0
0.029420108,-0.7645252,3.4599999999999977,14.75,0.0
0.0497275,-0.7444409,3.999999999999997,14.999999999999996,0.0
0.07553831,-0.7194205,3.639999999999993,15.249999999999998,0.0
0.10610804,-0.69181716,3.4199999999999906,15.499999999999996,0.0
0.14230862,-0.65810347,4.179999999999992,15.75,0.0
0.18515682,-0.61781985,3.529999999999999,15.999999999999998,0.0
0.23209411,-0.57502323,3.379999999999998,16.25,0.0
0.2814539,-0.5282066,4.029999999999991,16.5,0.0
0.33287805,-0.47744524,3.4199999999999906,16.75,0.0
0.38276935,-0.42768356,3.4199999999999906,17.0,0.0
0.42560947,-0.3806624,4.0999999999999925,17.25,0.0
0.4628172,-0.3358456,3.379999999999998,17.5,0.0
0.49433696,-0.2947337,3.379999999999998,17.75,0.0
0.5178652,-0.25550312,4.029999999999991,18.0,0.0
0.54139465,-0.2050481,3.4599999999999977,18.249999999999996,0.0
0.5616727,-0.15981138,3.2399999999999953,18.5,0.0
0.57115656,-0.13135661,3.8499999999999965,18.75,0.0
0.5794376,-0.10128143,3.529999999999999,18.999999999999996,0.0
0.5880105,-0.07542742,3.4199999999999906,19.25,0.0
0.5936992,-0.05636476,4.029999999999991,19.499999999999996,0.0
0.59937406,-0.042943306,3.4899999999999918,19.75,0.0
0.6056856,-0.03271424,3.4199999999999906,20.0,0.0
0.6096916,-0.026466921,4.0699999999999985,20.249999999999996,0.0
0.6145621,-0.023306645,3.5599999999999934,20.499999999999996,0.0
0.6207602,-0.020937314,3.529999999999999,20.75,0.0
0.6250504,-0.020567857,4.0999999999999925,21.0,0.0
0.63017297,-0.021276532,3.5999999999999854,21.25,0.0
0.63651514,-0.02185754,3.4899999999999918,21.5,0.0
0.64071584,-0.02337378,4.0999999999999925,21.749999999999996,0.0
0.6455872,-0.025244707,3.5599999999999934,21.999999999999996,0.0
0.6545267,-0.02471316,3.309999999999997,22.25,0.0
0.6719736,-0.013115402,3.819999999999987,22.5,0.0
0.6718962,-0.010551261,3.2399999999999953,22.75,0.0
0.66727877,-0.0068760645,3.2399999999999953,22.999999999999996,0.0
0.6607785,-0.0021330751,3.819999999999987,23.249999999999996,0.0
0.6572385,0.0011387169,3.099999999999993,23.5,0.0
0.6569847,0.0054473,3.309999999999997,23.75,0.0
0.6545055,0.011462504,3.279999999999988,0.0,0.0
0.65039,0.012782035,3.129999999999987,0.2500000000000003,0.0
0.6499114,0.0132174585,3.4899999999999918,0.49999999999999983,0.0
0.6495139,0.015026795,3.639999999999993,0.7499999999999997,0.0
0.64823294,0.01691475,3.199999999999988,1.0000000000000002,0.0
0.6475699,0.019154506,3.5599999999999934,1.2500000000000002,0.0
0.64535415,0.0214283,3.4899999999999918,1.5000000000000002,0.0
0.6423334,0.024235973,3.309999999999997,1.7500000000000007,0.0
0.64102435,0.027446391,3.7399999999999882,2.0,0.0
0.63528335,0.031357653,3.379999999999998,2.249999999999999,0.0
0.63235164,0.03461381,3.1699999999999946,2.5,0.0
0.6298906,0.03867183,3.8899999999999886,2.7500000000000004,0.0
0.6228322,0.04333777,3.349999999999989,3.0,0.0
0.6201337,0.048032813,3.279999999999988,3.2500000000000004,0.0
0.6154191,0.05334177,3.819999999999987,3.5000000000000004,0.0
0.60840744,0.058991924,3.2399999999999953,3.749999999999999,0.0
0.60416263,0.06494305,3.4199999999999906,4.0,0.0
0.5969168,0.07102563,3.7099999999999937,4.249999999999999,0.0
0.58987236,0.077607326,3.2399999999999953,4.5,0.0
0.58415097,0.08460664,3.6699999999999866,4.75,0.0
0.57488024,0.09208762,3.379999999999998,5.0,0.0
0.56709355,0.09961275,3.2399999999999953,5.25,0.0
0.5590035,0.10618181,3.9599999999999898,5.499999999999999,0.0
0.549129,0.113995366,3.2399999999999953,5.75,0.0
0.5429293,0.12193587,3.309999999999997,6.0,0.0
0.53242457,0.12888,3.819999999999987,6.250000000000002,0.0
0.5189672,0.13660188,3.2399999999999953,6.500000000000001,0.0
0.5073615,0.14240302,3.529999999999999,6.75,0.0
0.4900167,0.144406,3.639999999999993,7.000000000000001,0.0
0.4601245,0.1412939,3.199999999999988,7.25,0.0
0.38776088,0.114894204,3.6699999999999866,7.499999999999999,0.0
0.12987286,-0.0074851755,3.4599999999999977,7.75,0.0
-0.34336972,-0.23396994,3.279999999999988,8.0,0.0
-0.4124602,-0.43889698,3.819999999999987,8.250000000000002,0.0
-0.39865097,-0.58946216,3.349999999999989,8.5,0.0
-0.37767583,-0.667873,3.279999999999988,8.750000000000002,0.0
-0.3063096,-0.75958496,4.139999999999985,9.0,0.0
-0.24076843,-0.8173445,3.5599999999999934,9.250000000000002,0.0
-0.18860567,-0.8494939,3.7099999999999937,9.5,0.0
-0.14330252,-0.86929697,4.0999999999999925,9.749999999999998,0.0
-0.11196065,-0.87888485,3.5599999999999934,10.0,0.0
-0.091682196,-0.88201845,3.819999999999987,10.25,0.0
-0.077926815,-0.8789925,3.9599999999999898,10.5,0.0
-0.07200235,-0.8755813,3.5599999999999934,10.75,0.0
-0.0697366,-0.87343204,3.9199999999999977,10.999999999999998,0.0
-0.08540103,-0.8649402,3.639999999999993,11.25,0.0
-0.10576603,-0.8636376,3.4199999999999906,11.5,0.0
-0.11695823,-0.86730915,3.819999999999987,11.75,0.0
-0.12588021,-0.8676496,3.639999999999993,12.0,0.0
-0.11131692,-0.8751924,3.529999999999999,12.25,0.0
-0.09552738,-0.8780431,4.0999999999999925,12.5,0.0
-0.0789755,-0.8723749,3.7399999999999882,12.749999999999998,0.0
-0.06737906,-0.86773384,3.639999999999993,12.999999999999998,0.0
-0.0539293,-0.8601666,4.179999999999992,13.25,0.0
-0.04219067,-0.85014063,3.639999999999993,13.5,0.0
-0.03171909,-0.84118944,3.5599999999999934,13.75,0.0
-0.018806279,-0.82911235,4.209999999999987,13.999999999999998,0.0
-0.005388975,-0.8142964,3.5999999999999854,14.25,0.0
0.007998824,-0.800463,3.5599999999999934,14.5,0.0
0.024986267,-0.7827717,4.209999999999987,14.75,0.0
0.045368373,-0.76189417,3.5999999999999854,14.999999999999996,0.0
0.069553435,-0.7396179,3.5999999999999854,15.249999999999998,0.0
0.10009456,-0.7119017,4.179999999999992,15.499999999999996,0.0
0.13616806,-0.6779776,3.5999999999999854,15.75,0.0
0.17766887,-0.6396117,3.639999999999993,15.999999999999998,0.0
0.22306418,-0.59738535,4.209999999999987,16.25,0.0
0.27276373,-0.549827,3.4899999999999918,16.5,0.0
0.32482195,-0.49997017,3.529999999999999,16.75,0.0
0.3737591,-0.4503315,4.139999999999985,17.0,0.0
0.41867244,-0.40111715,3.5599999999999934,17.25,0.0
0.45813417,-0.35523608,3.639999999999993,17.5,0.0
0.48825556,-0.3145603,4.139999999999985,17.75,0.0
0.51382995,-0.27455112,3.4899999999999918,18.0,0.0
0.5407085,-0.22039063,3.349999999999989,18.249999999999996,0.0
0.5591554,-0.17569588,3.9599999999999898,18.5,0.0
0.5696836,-0.14589097,3.5599999999999934,18.75,0.0
0.5793988,-0.113728546,3.5599999999999934,18.999999999999996,0.0
0.58638066,-0.08684802,4.0699999999999985,19.25,0.0
0.5935619,-0.066421494,3.5599999999999934,19.499999999999996,0.0
0.6001535,-0.050465286,3.6699999999999866,19.75,0.0
0.60434,-0.03960862,4.0699999999999985,20.0,0.0
0.6095755,-0.03260063,3.5999999999999854,20.249999999999996,0.0
0.61510587,-0.027894422,3.7399999999999882,20.499999999999996,0.0
0.61941105,-0.025707867,3.999999999999997,20.75,0.0
0.6248959,-0.024790764,3.5999999999999854,21.0,0.0
0.6301876,-0.02465864,3.8499999999999965,21.25,0.0
0.63445497,-0.025610741,3.999999999999997,21.5,0.0
0.63981795,-0.026683958,3.6699999999999866,21.749999999999996,0.0
0.644626,-0.028112376,3.9199999999999977,21.999999999999996,0.0
0.6518507,-0.02851761,3.819999999999987,22.25,0.0
0.67295134,-0.016015403,3.309999999999997,22.5,0.0
0.6746563,-0.012523221,3.5999999999999854,22.75,0.0
0.6666962,-0.008961741,3.639999999999993,22.999999999999996,0.0
0.6590582,-0.0035115127,3.2399999999999953,23.249999999999996,0.0
0.65637815,0.0015077386,3.639999999999993,23.5,0.0
0.6523769,0.006282067,3.4199999999999906,23.75,0.0
0.7207986,0.036167406,4.68,0.0,0.0
0.7196164,0.049050704,3.779999999999995,0.2500000000000003,0.0
0.70496297,0.064397536,3.379999999999998,0.49999999999999983,0.0
0.69419324,0.07816746,3.309999999999997,0.7499999999999997,0.0
0.6843333,0.09190991,3.8899999999999886,1.0000000000000002,0.0
0.671579,0.105396785,3.349999999999989,1.2500000000000002,0.0
0.6639613,0.11577571,3.309999999999997,1.5000000000000002,0.0
0.6571641,0.12555043,3.999999999999997,1.7500000000000007,0.0
0.6478957,0.13540524,3.309999999999997,2.0,0.0
0.64280075,0.14287284,3.4199999999999906,2.249999999999999,0.0
0.63748395,0.15026009,3.8899999999999886,2.5,0.0
0.6285464,0.15838428,3.379999999999998,2.7500000000000004,0.0
0.62291974,0.1646007,3.5599999999999934,3.0,0.0
0.6163082,0.17136858,3.779999999999995,3.2500000000000004,0.0
0.6074281,0.17847447,3.379999999999998,3.5000000000000004,0.0
0.6015446,0.18407269,3.639999999999993,3.749999999999999,0.0
0.5943198,0.1899595,3.5999999999999854,4.0,0.0
0.585478,0.1955931,3.4599999999999977,4.249999999999999,0.0
0.5808065,0.19962923,3.7399999999999882,4.5,0.0
0.5712349,0.20602646,3.529999999999999,4.75,0.0
0.5632489,0.21088035,3.379999999999998,5.0,0.0
0.5570039,0.2147425,3.8499999999999965,5.25,0.0
0.5449543,0.22117268,3.4899999999999918,5.499999999999999,0.0
0.5376058,0.22505553,3.349999999999989,5.75,0.0
0.53047276,0.22825019,3.9199999999999977,6.0,0.0
0.5166894,0.2350191,3.349999999999989,6.250000000000002,0.0
0.5062235,0.23932,3.349999999999989,6.500000000000001,0.0
0.49702042,0.2402954,3.9199999999999977,6.75,0.0
0.48014885,0.24395,3.379999999999998,7.000000000000001,0.0
0.46060348,0.24103723,3.349999999999989,7.25,0.0
0.39681935,0.22445355,5.83,7.499999999999999,0.0
0.12728068,0.092812434,6.409999999999991,7.75,0.0
-0.5292428,-0.23196109,6.729999999999988,8.0,0.0
-0.6553383,-0.29908764,49.92999999999999,8.250000000000002,0.0
-0.58162284,-0.14963026,130.54,8.5,0.0
-0.57699513,-0.10674083,81.36,8.750000000000002,0.0
-0.57012904,-0.08323357,114.94999999999999,9.0,0.0
-0.5564418,-0.042050727,108.04,9.250000000000002,1.0
-0.59295297,0.010052787,95.26,9.5,1.0
-0.60696995,0.06748433,136.15,9.749999999999998,1.0
-0.61864865,0.09776675,108.97,10.0,1.0
-0.63877803,0.11239392,135.04,10.25,0.5
-0.6024542,0.08504353,107.14,10.5,0.5
-0.6213025,0.08655181,139.39,10.75,0.5
-0.61450124,0.08250966,95.08,10.999999999999998,0.5
-0.6457869,0.09131122,138.38000000000002,11.25,0.5
-0.67629373,0.14570215,125.46,11.5,0.5
-0.8066818,0.17541914,116.24,11.75,0.5
0.21585119,-1.6039027,120.02,12.0,0.5
0.13357377,-1.4708232,9.649999999999988,12.25,1.0
-0.12849629,-1.023837,8.709999999999992,12.5,1.0
-0.55371654,-0.29177836,8.859999999999992,12.749999999999998,1.0
-1.0652409,0.27657863,8.75,12.999999999999998,1.0
-1.0566752,0.3142468,59.53999999999999,13.25,1.0
-0.9842526,0.27824327,76.14,13.5,1.0
-0.95212245,0.25946215,111.85000000000001,13.75,1.0
-0.8924547,0.26802024,121.07,13.999999999999998,1.0
-0.87391204,0.26817247,95.04000000000002,14.25,1.0
-0.8652258,0.26694146,108.14,14.5,1.0
-0.83568776,0.26415497,93.17,14.75,1.0
-0.83792156,0.25176087,83.84,14.999999999999996,1.0
-0.84465075,0.26895788,111.89,15.249999999999998,1.0
-0.8380162,0.28978485,111.02000000000001,15.499999999999996,1.0
-0.86322045,0.31925926,126.43,15.75,1.0
-0.8624259,0.33132973,112.68,15.999999999999998,1.0
-0.8491061,0.3215736,82.22,16.25,1.0
-0.8449118,0.31008008,96.88,16.5,1.0
-0.8601191,0.3366885,136.98,16.75,1.0
-0.8350814,0.33822832,100.58,17.0,1.0
-0.8755092,0.35871902,131.54,17.25,0.5
-0.7069947,0.25477293,101.66,17.5,0.5
-0.55828726,0.07265146,37.72999999999999,17.75,0.5
-0.7360774,-0.10365301,33.48,18.0,0.5
-0.86982036,0.04163062,74.02,18.249999999999996,0.5
-0.7260918,0.13218836,129.35,18.5,0.5
-0.72122556,0.14850554,126.97,18.75,0.5
-0.68881106,0.18861365,117.14,18.999999999999996,0.5
-0.68377817,0.19821715,70.74,19.25,0.5
-0.6908197,0.2421587,143.77999999999997,19.499999999999996,0.5
-0.7083299,0.28452346,107.89,19.75,0.5
-0.7196224,0.3054569,145.30000000000004,20.0,0.5
-0.7808632,0.36806813,103.43,20.249999999999996,1.0
-0.7745298,0.4353744,134.78,20.499999999999996,1.0
-0.70175856,0.49513993,109.33000000000001,20.75,1.0
-0.59031737,0.5547978,96.73000000000002,21.0,1.0
-0.32029587,0.522514,13.57,21.25,1.0
-0.056413054,0.5303875,5.359999999999986,21.5,1.0
0.11243361,0.41239205,5.179999999999992,21.749999999999996,1.0
0.19953632,0.34446988,5.219999999999999,21.999999999999996,1.0
0.29107755,0.2998154,4.9999999999999964,22.25,0.5
0.37745905,0.26293892,4.749999999999986,22.5,0.5
0.43439245,0.2127583,4.719999999999991,22.75,0.5
0.4841181,0.172396,4.749999999999986,22.999999999999996,0.5
0.5642122,0.14479028,4.719999999999991,23.249999999999996,0.0
0.6077658,0.12590942,4.639999999999992,23.5,0.0
0.63718283,0.11200414,4.639999999999992,23.75,0.0
0.63926387,0.1098839,4.5699999999999905,0.0,0.0
0.6477645,0.100122266,4.68,0.2500000000000003,0.0
0.6561662,0.09374949,4.749999999999986,0.49999999999999983,0.0
0.66256225,0.08838319,4.68,0.7499999999999997,0.0
0.66603863,0.084777236,4.68,1.0000000000000002,0.0
0.6655656,0.08437242,4.68,1.2500000000000002,0.0
0.66257846,0.08628238,4.719999999999991,1.5000000000000002,0.0
0.6579057,0.091145724,4.749999999999986,1.7500000000000007,0.0
0.6511117,0.09787082,4.749999999999986,2.0,0.0
0.64614916,0.10387764,4.639999999999992,2.249999999999999,0.0
0.64132905,0.10940125,4.68,2.5,0.0
0.63674307,0.11413237,4.719999999999991,2.7500000000000004,0.0
0.63230956,0.11884827,4.749999999999986,3.0,0.0
0.62650025,0.12514052,4.719999999999991,3.2500000000000004,0.0
0.6188344,0.13178015,4.719999999999991,3.5000000000000004,0.0
0.61288804,0.13759182,4.68,3.749999999999999,0.0
0.6053905,0.14425413,4.719999999999991,4.0,0.0
0.59701,0.15054764,4.68,4.249999999999999,0.0
0.5892513,0.15635997,4.719999999999991,4.5,0.0
0.5824411,0.16196755,4.68,4.75,0.0
0.5739359,0.16834205,4.639999999999992,5.0,0.0
0.5662479,0.1737808,4.639999999999992,5.25,0.0
0.557126,0.17999429,4.68,5.499999999999999,0.0
0.54770875,0.18570659,4.749999999999986,5.75,0.0
0.5391737,0.19114588,4.68,6.0,0.0
0.52832836,0.19797666,4.68,6.250000000000002,0.0
0.5171336,0.20368387,4.68,6.500000000000001,0.0
0.50528437,0.20996417,3.999999999999997,6.75,0.0
0.49364084,0.21250223,4.5699999999999905,7.000000000000001,0.0
0.47284526,0.21299197,4.0999999999999925,7.25,0.0
0.42061555,0.20513524,5.179999999999992,7.499999999999999,0.0
0.22661412,0.123178266,7.129999999999986,7.75,0.0
-0.50238603,-0.1712199,37.8,8.0,0.0
-0.5206539,-0.18381059,99.43,8.250000000000002,0.0
-0.4831144,-0.13981728,83.74,8.5,0.0
-0.48400152,-0.12249356,102.71,8.750000000000002,0.0
-0.49182674,-0.06465939,128.38,9.0,0.0
-0.50187016,-0.036911286,123.19,9.250000000000002,1.0
-0.5314596,0.016197333,132.91,9.5,1.0
-0.55064285,0.034378566,105.65999999999998,9.749999999999998,1.0
-0.55358046,0.038046874,132.01,10.0,1.0
-0.57263285,0.058215,106.42,10.25,0.5
-0.5641126,0.036318563,120.02,10.5,0.5
-0.5834826,0.056780025,128.81,10.75,0.5
-0.6168125,0.0823736,116.68,10.999999999999998,0.5
-0.6318334,0.107211836,136.19,11.25,0.5
-0.6829746,0.14402428,106.48999999999998,11.5,0.5
-0.7851434,-0.08553885,125.71,11.75,0.5
0.23605818,-1.6449815,107.63999999999999,12.0,0.5
0.1256777,-1.4907427,14.579999999999998,12.25,1.0
-0.14223436,-1.0207345,8.389999999999993,12.5,1.0
-0.51204205,-0.34302792,8.6,12.749999999999998,1.0
-1.0880556,0.24207054,14.619999999999992,12.999999999999998,1.0
-1.0397565,0.3214473,84.92000000000002,13.25,1.0
-0.9966694,0.35829973,136.69,13.5,1.0
-0.96082145,0.32852027,103.64,13.75,1.0
-0.8916882,0.3174139,126.83,13.999999999999998,1.0
-0.8891735,0.31218702,105.91,14.25,1.0
-0.8922261,0.33662298,127.73,14.5,1.0
-0.8942857,0.36282924,106.99,14.75,1.0
-0.925567,0.39660472,124.92,14.999999999999996,1.0
-0.8489102,0.34744743,66.74,15.249999999999998,1.0
-0.8284962,0.2690381,71.14,15.499999999999996,1.0
-0.7992429,0.24380933,112.03,15.75,1.0
-0.8114191,0.2825006,123.3,15.999999999999998,1.0
-0.86103034,0.3329818,110.05,16.25,1.0
-0.8752606,0.3649214,127.48,16.5,1.0
-0.8626196,0.3800753,105.84,16.75,1.0
-0.8859634,0.4103976,117.61,17.0,1.0
-0.8662778,0.4094663,117.07,17.25,0.5
-0.766799,0.35128295,117.58,17.5,0.5
-0.5047594,0.11091512,35.85999999999999,17.75,0.5
-0.6978363,-0.08594794,33.52,18.0,0.5
-0.87229085,0.054046363,77.8,18.249999999999996,0.5
-0.69548684,0.1396532,111.53,18.5,0.5
-0.7009409,0.14930795,121.36,18.75,0.5
-0.64059716,0.17957886,114.8,18.999999999999996,0.5
-0.65260273,0.2269241,103.68,19.25,0.5
-0.63758963,0.27323785,123.34,19.499999999999996,0.5
-0.64235663,0.32388797,108.54,19.75,0.5
-0.6421258,0.34636793,113.00000000000001,20.0,0.5
-0.72793347,0.41687337,105.84,20.249999999999996,1.0
-0.71494716,0.46964672,118.86999999999999,20.499999999999996,1.0
-0.6026107,0.5129513,99.72,20.75,1.0
-0.4498011,0.5627468,83.12,21.0,1.0
-0.19405894,0.5343443,11.40999999999999,21.25,1.0
0.086177826,0.46384463,5.259999999999992,21.5,1.0
0.22730517,0.34545937,4.9999999999999964,21.749999999999996,1.0
0.26451105,0.28174913,4.969999999999986,21.999999999999996,1.0
0.34379023,0.24099709,4.929999999999995,22.25,0.5
0.42984855,0.20462164,4.639999999999992,22.5,0.5
0.48410797,0.16377887,4.639999999999992,22.75,0.5
0.5187589,0.1416353,4.5699999999999905,22.999999999999996,0.5
0.58265173,0.123631574,4.639999999999992,23.249999999999996,0.0
0.6225004,0.10239863,4.609999999999998,23.5,0.0
0.6493485,0.085818045,4.5699999999999905,23.75,0.0
0.6635207,0.078047425,4.5699999999999905,0.0,0.0
0.6688515,0.07379493,4.499999999999989,0.2500000000000003,0.0
0.6716374,0.072938666,4.5699999999999905,0.49999999999999983,0.0
0.6710794,0.07386053,4.609999999999998,0.7499999999999997,0.0
0.6684027,0.07615612,4.5399999999999965,1.0000000000000002,0.0
0.6646569,0.0798037,4.609999999999998,1.2500000000000002,0.0
0.6603924,0.08505743,4.5699999999999905,1.5000000000000002,0.0
0.6536511,0.09219101,4.609999999999998,1.7500000000000007,0.0
0.64739335,0.09935238,4.639999999999992,2.0,0.0
0.6417555,0.105666496,4.609999999999998,2.249999999999999,0.0
0.63671887,0.11070285,4.5399999999999965,2.5,0.0
0.6330048,0.114831485,4.5699999999999905,2.7500000000000004,0.0
0.62903553,0.11895589,4.5699999999999905,3.0,0.0
0.62339956,0.123958625,4.609999999999998,3.2500000000000004,0.0
0.61853826,0.1290641,4.5699999999999905,3.5000000000000004,0.0
0.6122111,0.13508214,4.5399999999999965,3.749999999999999,0.0
0.60511845,0.1409603,4.5699999999999905,4.0,0.0
0.5983023,0.14692882,4.5699999999999905,4.249999999999999,0.0
0.59013057,0.1535336,4.5699999999999905,4.5,0.0
0.58229685,0.15968856,4.5399999999999965,4.75,0.0
0.5748031,0.16601333,4.5699999999999905,5.0,0.0
0.56528354,0.17315614,4.5699999999999905,5.25,0.0
0.55585384,0.1797369,4.5699999999999905,5.499999999999999,0.0
0.545874,0.18655738,4.5699999999999905,5.75,0.0
0.53597355,0.19295116,4.5399999999999965,6.0,0.0
0.52772105,0.19832383,4.609999999999998,6.250000000000002,0.0
0.5154882,0.20598425,4.5699999999999905,6.500000000000001,0.0
0.50267184,0.21208511,4.429999999999988,6.75,0.0
0.4843533,0.21903194,4.139999999999985,7.000000000000001,0.0
0.45979178,0.21712215,4.859999999999994,7.25,0.0
0.395351,0.20419502,6.589999999999986,7.499999999999999,0.0
0.17294657,0.09826533,7.089999999999994,7.75,0.0
-0.45155933,-0.22538705,7.089999999999994,8.0,0.0
-0.63622105,-0.24674974,94.61,8.250000000000002,0.0
-0.4958593,-0.12724866,107.63999999999999,8.5,0.0
-0.52177024,-0.10225304,101.63,8.750000000000002,0.0
-0.4785816,-0.08511896,124.31,9.0,0.0
-0.50933087,-0.062143825,109.91,9.250000000000002,1.0
-0.5098136,-0.021486377,126.04,9.5,1.0
-0.52864593,-0.0011253562,98.39000000000001,9.749999999999998,1.0
-0.5325006,0.0021311361,121.43000000000002,10.0,1.0
-0.5570369,0.03980861,117.14,10.25,0.5
-0.55687225,0.025735566,105.8,10.5,0.5
-0.5660937,0.029607857,124.88,10.75,0.5
-0.59971315,0.052007012,110.34,10.999999999999998,0.5
-0.62677956,0.08937173,143.21,11.25,0.5
-0.67114615,0.12317585,101.59,11.5,0.5
-0.7993797,0.1347566,136.87,11.75,0.5
0.23385864,-1.6242725,122.76,12.0,0.5
0.13645089,-1.5130132,14.539999999999992,12.25,1.0
-0.13587603,-1.0677062,8.529999999999998,12.5,1.0
-0.44852865,-0.4175319,8.709999999999992,12.749999999999998,1.0
-1.058043,0.24463908,9.069999999999997,12.999999999999998,1.0
-1.0684136,0.3494362,84.82,13.25,1.0
-1.0087196,0.37620476,139.75,13.5,1.0
-0.9601081,0.32759482,98.32,13.75,1.0
-0.88278365,0.3013905,120.49,13.999999999999998,1.0
-0.88631225,0.30620298,115.7,14.25,1.0
-0.889999,0.33480343,121.09999999999998,14.5,1.0
-0.90006423,0.37121695,112.25,14.75,1.0
-0.9001905,0.38040876,96.52,14.999999999999996,1.0
-0.89372057,0.36962378,110.77,15.249999999999998,1.0
-0.8627399,0.3458996,107.03,15.499999999999996,1.0
-0.85673404,0.3376194,100.48,15.75,1.0
-0.87623566,0.35912824,123.19,15.999999999999998,1.0
-0.8710727,0.36815378,105.11999999999999,16.25,1.0
-0.8792701,0.3875256,112.46,16.5,1.0
-0.88331974,0.41827855,122.58,16.75,1.0
-0.8904601,0.43881497,126.17999999999999,17.0,1.0
-0.82311887,0.4071041,95.58000000000001,17.25,0.5
-0.75773054,0.3614964,121.72,17.5,0.5
-0.7401658,0.32963657,129.38,17.75,0.5
-0.6736833,0.23560257,101.09,18.0,0.5
-0.54363585,0.02481302,35.239999999999995,18.249999999999996,0.5
-0.6100759,-0.19261858,13.099999999999989,18.5,0.5
-0.541363,-0.29255816,8.209999999999999,18.75,0.5
-0.33827367,-0.373022,5.179999999999992,18.999999999999996,0.5
-0.10181174,-0.36931917,5.289999999999999,19.25,0.5
0.184636,-0.19576237,5.179999999999992,19.499999999999996,0.5
0.41899073,0.0016795676,5.039999999999989,19.75,0.5
0.49809754,0.07703761,5.039999999999989,20.0,0.5
0.43010205,0.13330725,5.039999999999989,20.249999999999996,1.0
0.36290836,0.18168311,5.039999999999989,20.499999999999996,1.0
0.31570178,0.23594753,5.149999999999997,20.75,1.0
0.27591217,0.29154044,5.149999999999997,21.0,1.0
0.2619766,0.30404204,5.0799999999999965,21.25,1.0
0.26547533,0.28228536,5.0799999999999965,21.5,1.0
0.27453816,0.25556898,5.039999999999989,21.749999999999996,1.0
0.2866007,0.24118902,5.10999999999999,21.999999999999996,1.0
0.38248366,0.20685504,4.899999999999986,22.25,0.5
0.47375292,0.18042113,4.68,22.5,0.5
0.5156544,0.16368406,4.639999999999992,22.75,0.5
0.53284425,0.15856968,4.609999999999998,22.999999999999996,0.5
0.5934235,0.13457677,4.639999999999992,23.249999999999996,0.0
0.63562346,0.10364083,4.5699999999999905,23.5,0.0
0.66254556,0.08125668,4.5699999999999905,23.75,0.0
0.68616223,0.06631949,4.639999999999992,0.0,0.0
0.68610084,0.06819475,4.5699999999999905,0.2500000000000003,0.0
0.6810032,0.073642984,4.68,0.49999999999999983,0.0
0.6744088,0.0808528,4.609999999999998,0.7499999999999997,0.0
0.6664405,0.08821505,4.609999999999998,1.0000000000000002,0.0
0.66030467,0.09514362,4.609999999999998,1.2500000000000002,0.0
0.65340316,0.103212036,4.609999999999998,1.5000000000000002,0.0
0.64450264,0.11145916,4.68,1.7500000000000007,0.0
0.6388179,0.11841639,4.609999999999998,2.0,0.0
0.6337401,0.123944886,4.609999999999998,2.249999999999999,0.0
0.6298675,0.12738895,4.5699999999999905,2.5,0.0
0.62775266,0.12989534,4.5699999999999905,2.7500000000000004,0.0
0.6246594,0.13242863,4.609999999999998,3.0,0.0
0.62213343,0.13587709,4.609999999999998,3.2500000000000004,0.0
0.6159469,0.14109142,4.5699999999999905,3.5000000000000004,0.0
0.6098991,0.14576979,4.5699999999999905,3.749999999999999,0.0
0.6035205,0.15092945,4.5699999999999905,4.0,0.0
0.5967571,0.15621163,4.609999999999998,4.249999999999999,0.0
0.59122014,0.16165736,4.5699999999999905,4.5,0.0
0.5821885,0.16885398,4.609999999999998,4.75,0.0
0.5732588,0.1753312,4.5699999999999905,5.0,0.0
0.56412673,0.18225913,4.5699999999999905,5.25,0.0
0.5539008,0.18922786,4.639999999999992,5.499999999999999,0.0
0.5445682,0.1955203,4.5699999999999905,5.75,0.0
0.53368187,0.20260467,4.5699999999999905,6.0,0.0
0.5235805,0.20824085,4.5699999999999905,6.250000000000002,0.0
0.51216877,0.21422035,4.5699999999999905,6.500000000000001,0.0
0.49961782,0.21953066,4.359999999999987,6.75,0.0
0.48609114,0.22266196,4.279999999999988,7.000000000000001,0.0
0.4645028,0.22195865,4.5399999999999965,7.25,0.0
0.4145788,0.2093829,4.459999999999997,7.499999999999999,0.0
0.20650792,0.124504454,7.159999999999994,7.75,0.0
-0.45733958,-0.20026202,7.379999999999996,8.0,0.0
-0.638719,-0.2663842,71.81999999999998,8.250000000000002,0.0
-0.530367,-0.12041337,137.09,8.5,0.0
-0.5677415,-0.053028114,116.28,8.750000000000002,0.0
-0.5339196,-0.035727464,124.63,9.0,0.0
-0.5263481,-0.023984855,121.9,9.250000000000002,1.0
-0.54779756,0.02020471,123.07999999999998,9.5,1.0
-0.55078435,0.02741878,102.60000000000001,9.749999999999998,1.0
-0.5198878,-0.017657636,85.1,10.0,1.0
-0.50428617,-0.078988805,73.51,10.25,0.5
-0.5511397,-0.07815064,107.75,10.5,0.5
-0.5685564,-0.005991636,115.74,10.75,0.5
-0.5789508,0.0075119603,92.09,10.999999999999998,0.5
-0.5366444,-0.051125146,68.62,11.25,0.5
-0.6217638,-0.08330676,71.59999999999998,11.5,0.5
-0.76307225,-0.1553295,69.47999999999999,11.75,0.5
0.18550515,-1.5918728,74.27,12.0,0.5
0.032092243,-1.3324287,19.939999999999987,12.25,1.0
-0.24289113,-0.8794658,11.839999999999995,12.5,1.0
-0.56564546,-0.38295838,13.749999999999996,12.749999999999998,1.0
-0.9613561,0.023859004,26.889999999999997,12.999999999999998,1.0
-0.8911444,0.12330247,95.4,13.25,1.0
-0.8733986,0.1781869,119.12,13.5,1.0
-0.87113583,0.2423536,120.27999999999999,13.75,1.0
-0.86176753,0.26571378,106.7,13.999999999999998,1.0
-0.8573288,0.28038576,105.65999999999998,14.25,1.0
-0.83579636,0.26416788,86.54,14.5,1.0
-0.88231313,0.30770883,136.3,14.75,1.0
-0.8861847,0.36273655,129.24,14.999999999999996,1.0
-0.94110215,0.40607104,127.94,15.249999999999998,1.0
-0.93175757,0.4196327,133.52,15.499999999999996,1.0
-0.9640417,0.4362926,124.7,15.75,1.0
-0.93504626,0.41799352,106.92,15.999999999999998,1.0
-0.92976075,0.40607876,96.26,16.25,1.0
-0.8602109,0.3542075,84.56,16.5,1.0
-0.8629378,0.33873326,96.95,16.75,1.0
-0.8605305,0.3577262,132.55,17.0,1.0
-0.87035406,0.38888046,127.4,17.25,0.5
-0.75039047,0.32024923,109.91,17.5,0.5
-0.5569796,0.09850084,50.29,17.75,0.5
-0.7153808,-0.08489259,34.879999999999995,18.0,0.5
-0.9397296,0.08440531,96.37,18.249999999999996,0.5
-0.7591386,0.19374174,132.77,18.5,0.5
-0.75685894,0.19296643,116.05999999999999,18.75,0.5
-0.6658684,0.19209069,107.28,18.999999999999996,0.5
-0.6975364,0.23056994,107.75,19.25,0.5
-0.672193,0.2603982,113.51,19.499999999999996,0.5
-0.69055426,0.30003718,136.84,19.75,0.5
-0.6963605,0.32618317,117.36,20.0,0.5
-0.7742356,0.39491144,122.51,20.249999999999996,1.0
-0.7669326,0.44661137,124.99,20.499999999999996,1.0
-0.68057287,0.49590692,102.96,20.75,1.0
-0.4847042,0.51471025,71.71,21.0,1.0
-0.1989488,0.5240621,6.259999999999991,21.25,1.0
0.06617507,0.47226474,5.179999999999992,21.5,1.0
0.21251291,0.3547057,5.179999999999992,21.749999999999996,1.0
0.2516297,0.2894183,5.149999999999997,21.999999999999996,1.0
0.33857983,0.2512237,4.9999999999999964,22.25,0.5
0.4268574,0.2149115,4.789999999999993,22.5,0.5
0.48432076,0.17033736,4.719999999999991,22.75,0.5
0.52051157,0.14446332,4.68,22.999999999999996,0.5
0.5865315,0.12496845,4.749999999999986,23.249999999999996,0.0
0.6259022,0.106264405,4.639999999999992,23.5,0.0
0.6487729,0.09336961,4.719999999999991,23.75,0.0
0.6810837,0.08004487,4.609999999999998,0.0,0.0
0.6844686,0.08812437,4.68,0.2500000000000003,0.0
0.678393,0.09799538,4.719999999999991,0.49999999999999983,0.0
0.67029047,0.1072396,4.719999999999991,0.7499999999999997,0.0
0.6614485,0.11636486,4.719999999999991,1.0000000000000002,0.0
0.6521231,0.12465223,4.719999999999991,1.2500000000000002,0.0
0.6449864,0.13213508,4.789999999999993,1.5000000000000002,0.0
0.6384308,0.14017542,4.789999999999993,1.7500000000000007,0.0
0.6309478,0.14731286,4.749999999999986,2.0,0.0
0.62775296,0.15149124,4.789999999999993,2.249999999999999,0.0
0.62519073,0.1550308,4.789999999999993,2.5,0.0
0.6218767,0.15806329,4.789999999999993,2.7500000000000004,0.0
0.6191153,0.16074178,4.749999999999986,3.0,0.0
0.61407804,0.16484296,4.749999999999986,3.2500000000000004,0.0
0.60880154,0.16910458,4.749999999999986,3.5000000000000004,0.0
0.60255456,0.17383765,4.719999999999991,3.749999999999999,0.0
0.5959699,0.17862402,4.749999999999986,4.0,0.0
0.58994246,0.18343996,4.749999999999986,4.249999999999999,0.0
0.58213127,0.18907082,4.749999999999986,4.5,0.0
0.573635,0.1946367,4.749999999999986,4.75,0.0
0.5661634,0.19994119,4.719999999999991,5.0,0.0
0.55635035,0.20612107,4.819999999999987,5.25,0.0
0.54668397,0.21178442,4.749999999999986,5.499999999999999,0.0
0.53730094,0.21743976,4.749999999999986,5.75,0.0
0.5266491,0.22323783,4.719999999999991,6.0,0.0
0.5153836,0.2286909,4.749999999999986,6.250000000000002,0.0
0.5043291,0.23324488,4.789999999999993,6.500000000000001,0.0
0.49272382,0.23720549,4.719999999999991,6.75,0.0
0.4784773,0.24026008,4.719999999999991,7.000000000000001,0.0
0.4593398,0.2388721,4.639999999999992,7.25,0.0
0.4113233,0.22793452,5.259999999999992,7.499999999999999,0.0
0.21962786,0.14484447,6.589999999999986,7.75,0.0
-0.491542,-0.18131985,7.089999999999994,8.0,0.0
-0.6289084,-0.2998945,36.76,8.250000000000002,0.0
-0.600114,-0.16999424,114.66000000000001,8.5,0.0
-0.5861652,-0.075776175,114.19,8.750000000000002,0.0
-0.59008974,-0.028325265,119.2,9.0,0.0
-0.5665254,0.00253083,130.18,9.250000000000002,1.0
-0.60673463,0.081481844,143.17,9.5,1.0
-0.62240434,0.100716166,98.78,9.749999999999998,1.0
-0.5965938,0.06810958,100.69,10.0,1.0
-0.59654534,0.044912666,101.47999999999999,10.25,0.5
-0.5993375,0.024393218,102.1,10.5,0.5
-0.6113044,0.037719183,117.18,10.75,0.5
-0.6252823,0.057521,108.32,10.999999999999998,0.5
-0.6386565,0.07999004,122.33,11.25,0.5
-0.6386254,0.07782612,83.7,11.5,0.5
-0.7939788,0.10680167,105.84,11.75,0.5
0.21408021,-1.6275371,114.12000000000002,12.0,0.5
0.13172686,-1.4672245,25.879999999999995,12.25,1.0
-0.13572016,-0.9856291,12.01999999999999,12.5,1.0
-0.57542443,-0.28824317,12.35,12.749999999999998,1.0
-1.0745069,0.2309017,12.2,12.999999999999998,1.0
-1.0702021,0.35110173,107.1,13.25,1.0
-1.0015186,0.31265658,100.3,13.5,1.0
-0.9564577,0.27284023,95.58000000000001,13.75,1.0
-0.8995373,0.24759449,104.8,13.999999999999998,1.0
-0.8873055,0.27251673,128.56,14.25,1.0
-0.887605,0.30980715,132.3,14.5,1.0
-0.8941089,0.33647093,116.89,14.75,1.0
-0.8942015,0.34904817,104.44,14.999999999999996,1.0
-0.91057086,0.3686224,128.02,15.249999999999998,1.0
-0.90713,0.37637642,134.14,15.499999999999996,1.0
-0.9226589,0.3856425,112.36,15.75,1.0
-0.8969438,0.36165866,88.67,15.999999999999998,1.0
-0.8991837,0.34490076,112.42999999999999,16.25,1.0
-0.82548094,0.30184522,83.52,16.5,1.0
-0.90166277,0.328705,116.24,16.75,1.0
-0.7709142,0.27594683,79.34,17.0,1.0
-0.7886675,0.24855314,72.07,17.25,0.5
-0.7407168,0.20817988,131.33,17.5,0.5
-0.5398603,0.03980603,39.78,17.75,0.5
-0.65392965,-0.07647067,37.219999999999985,18.0,0.5
-0.8577718,0.059566297,84.59999999999998,18.249999999999996,0.5
-0.708137,0.1340539,113.76,18.5,0.5
-0.7020838,0.14463772,117.65,18.75,0.5
-0.6785484,0.18609421,111.28,18.999999999999996,0.5
-0.68651026,0.20730877,76.9,19.25,0.5
-0.67926395,0.2396939,120.53,19.499999999999996,0.5
-0.68826205,0.27687553,121.07,19.75,0.5
-0.69498193,0.30156225,90.07,20.0,0.5
-0.71963525,0.36354426,105.3,20.249999999999996,1.0
-0.6821067,0.43146148,117.29,20.499999999999996,1.0
-0.59444094,0.48588887,90.97,20.75,1.0
-0.4236272,0.48830238,36.899999999999984,21.0,1.0
-0.21298632,0.530008,9.29,21.25,1.0
0.03716159,0.44892377,5.509999999999987,21.5,1.0
0.1726647,0.37221846,5.149999999999997,21.749999999999996,1.0
0.216376,0.32226092,5.219999999999999,21.999999999999996,1.0
0.31097615,0.2865828,4.9999999999999964,22.25,0.5
0.39750183,0.25006124,4.749999999999986,22.5,0.5
0.45621943,0.20111495,4.749999999999986,22.75,0.5
0.5022461,0.16727948,4.789999999999993,22.999999999999996,0.5
0.5768204,0.14370723,4.719999999999991,23.249999999999996,0.0
0.6166911,0.12743469,4.639999999999992,23.5,0.0
0.6438575,0.1157135,4.639999999999992,23.75,0.0
0.59948796,0.052915692,4.639999999999992,0.0,0.0
0.60755956,0.039672986,4.609999999999998,0.2500000000000003,0.0
0.61815995,0.03802465,4.68,0.49999999999999983,0.0
0.6232303,0.034286886,4.639999999999992,0.7499999999999997,0.0
0.6245667,0.03244205,4.68,1.0000000000000002,0.0
0.62619686,0.030279795,4.639999999999992,1.2500000000000002,0.0
0.62689245,0.029142978,4.639999999999992,1.5000000000000002,0.0
0.62622446,0.029154899,4.68,1.7500000000000007,0.0
0.625718,0.031136828,4.719999999999991,2.0,0.0
0.62394553,0.034307107,4.719999999999991,2.249999999999999,0.0
0.6220231,0.037795372,4.719999999999991,2.5,0.0
0.61862165,0.04163549,4.749999999999986,2.7500000000000004,0.0
0.61488426,0.045326486,4.749999999999986,3.0,0.0
0.6118344,0.049564227,4.749999999999986,3.2500000000000004,0.0
0.6062497,0.05495874,4.719999999999991,3.5000000000000004,0.0
0.60031146,0.060150214,4.749999999999986,3.749999999999999,0.0
0.5934793,0.06596037,4.789999999999993,4.0,0.0
0.58710885,0.07179424,4.719999999999991,4.249999999999999,0.0
0.5815109,0.07800669,4.749999999999986,4.5,0.0
0.5737337,0.0849179,4.719999999999991,4.75,0.0
0.5664606,0.091418475,4.749999999999986,5.0,0.0
0.5585046,0.098523535,4.789999999999993,5.25,0.0
0.55054253,0.10562936,4.719999999999991,5.499999999999999,0.0
0.5417075,0.11328309,4.749999999999986,5.75,0.0
0.53168577,0.120776795,4.719999999999991,6.0,0.0
0.5224228,0.12764591,4.749999999999986,6.250000000000002,0.0
0.5105251,0.135003,4.749999999999986,6.500000000000001,0.0
0.49833077,0.14004429,4.719999999999991,6.75,0.0
0.48094487,0.14382805,4.719999999999991,7.000000000000001,0.0
0.45184296,0.14107119,4.68,7.25,0.0
0.3849892,0.12117355,5.10999999999999,7.499999999999999,0.0
0.17271572,0.028873468,6.33999999999999,7.75,0.0
-0.29713705,-0.19543898,6.839999999999998,8.0,0.0
-0.5133083,-0.31323397,48.78000000000001,8.250000000000002,0.0
-0.40059802,-0.24029447,94.21,8.5,0.0
-0.43827564,-0.17245102,106.34,8.750000000000002,0.0
-0.42135677,-0.1621793,63.219999999999985,9.0,0.0
-0.4286886,-0.1824442,100.58,9.250000000000002,1.0
-0.395427,-0.1329946,91.94000000000001,9.5,1.0
-0.38806367,-0.16682793,57.30999999999999,9.749999999999998,1.0
-0.32743716,-0.24006726,52.96,10.0,1.0
-0.3892639,-0.27393425,53.419999999999995,10.25,0.5
-0.46373862,-0.18559393,97.7,10.5,0.5
-0.47124815,-0.08784498,101.7,10.75,0.5
-0.51351327,-0.045639478,98.42,10.999999999999998,0.5
-0.5296468,-0.0081048515,106.80999999999999,11.25,0.5
-0.6230536,0.035940275,95.33,11.5,0.5
-0.5677145,-0.39676356,102.35,11.75,0.5
0.30180442,-1.6796013,99.18,12.0,0.5
0.21610051,-1.4224693,8.389999999999993,12.25,1.0
-0.03229499,-0.95868707,7.159999999999994,12.5,1.0
-0.30307752,-0.41656995,6.94999999999999,12.749999999999998,1.0
-0.8155925,-0.01261436,6.879999999999989,12.999999999999998,1.0
-1.1299468,0.24565117,49.38999999999999,13.25,1.0
-0.9951954,0.34536427,93.53,13.5,1.0
-0.84106725,0.20366606,93.56,13.75,1.0
-0.7007766,0.10579721,93.96,13.999999999999998,1.0
-0.67112195,0.095456585,91.73,14.25,1.0
-0.651361,0.10004138,95.33,14.5,1.0
-0.6359891,0.10704435,85.5,14.75,1.0
-0.63225275,0.115361996,79.81,14.999999999999996,1.0
-0.66246647,0.16737333,109.12,15.249999999999998,1.0
-0.6447327,0.18242179,81.29000000000002,15.499999999999996,1.0
-0.68503374,0.24890725,112.39,15.75,1.0
-0.62828344,0.24963538,104.44,15.999999999999998,1.0
-0.5494988,0.21542782,79.2,16.25,1.0
-0.51424086,0.17304815,68.87,16.5,1.0
-0.5486511,0.16605417,62.56999999999999,16.75,1.0
-0.5176089,0.11633635,69.61999999999999,17.0,1.0
-0.32181233,-0.086714365,17.38999999999999,17.25,0.5
-0.20917596,-0.2789465,5.289999999999999,17.5,0.5
-0.055497557,-0.33605736,5.179999999999992,17.75,0.5
0.08629829,-0.31905472,5.179999999999992,18.0,0.5
0.19971895,-0.26232514,4.899999999999986,18.249999999999996,0.5
0.29651994,-0.21526803,4.859999999999994,18.5,0.5
0.36018217,-0.18328857,4.9999999999999964,18.75,0.5
0.39528066,-0.13773903,4.969999999999986,18.999999999999996,0.5
0.4164102,-0.0994123,5.039999999999989,19.25,0.5
0.4308561,-0.06648235,4.9999999999999964,19.499999999999996,0.5
0.44149923,-0.04288076,4.9999999999999964,19.75,0.5
0.45061392,-0.025114985,5.039999999999989,20.0,0.5
0.3681329,0.002443852,4.9999999999999964,20.249999999999996,1.0
0.31938577,0.030744588,5.0799999999999965,20.499999999999996,1.0
0.2968238,0.056386247,4.969999999999986,20.75,1.0
0.28561008,0.07641597,4.9999999999999964,21.0,1.0
0.27935684,0.09015352,4.9999999999999964,21.25,1.0
0.27966404,0.09444762,5.0799999999999965,21.5,1.0
0.28373283,0.09343726,5.039999999999989,21.749999999999996,1.0
0.29058743,0.08969945,5.039999999999989,21.999999999999996,1.0
0.39659137,0.06402402,4.859999999999994,22.25,0.5
0.48803896,0.05712498,4.68,22.5,0.5
0.5249951,0.048261337,4.719999999999991,22.75,0.5
0.5355822,0.04516463,4.609999999999998,22.999999999999996,0.5
0.5999959,0.039660648,4.5399999999999965,23.249999999999996,0.0
0.62593055,0.030697322,4.5699999999999905,23.5,0.0
0.63439,0.025467379,4.609999999999998,23.75,0.0
0.63109404,0.025634995,4.5699999999999905,0.0,0.0
0.6320308,0.023430923,4.5699999999999905,0.2500000000000003,0.0
0.6335163,0.022310367,4.609999999999998,0.49999999999999983,0.0
0.6340483,0.021467878,4.609999999999998,0.7499999999999997,0.0
0.6336974,0.020975864,4.609999999999998,1.0000000000000002,0.0
0.6336274,0.02117564,4.68,1.2500000000000002,0.0
0.63283366,0.022548767,4.609999999999998,1.5000000000000002,0.0
0.63193536,0.025184693,4.639999999999992,1.7500000000000007,0.0
0.62835693,0.028762342,4.639999999999992,2.0,0.0
0.624566,0.032156944,4.609999999999998,2.249999999999999,0.0
0.6210602,0.035955437,4.68,2.5,0.0
0.6182772,0.04024022,4.639999999999992,2.7500000000000004,0.0
0.6134875,0.04539352,4.639999999999992,3.0,0.0
0.60769236,0.05034779,4.639999999999992,3.2500000000000004,0.0
0.60246277,0.05555881,4.609999999999998,3.5000000000000004,0.0
0.5973687,0.061272264,4.749999999999986,3.749999999999999,0.0
0.59007674,0.06764538,4.0699999999999985,4.0,0.0
0.5858494,0.07295626,4.499999999999989,4.249999999999999,0.0
0.5797607,0.078702204,4.319999999999995,4.5,0.0
0.5723008,0.085529916,4.179999999999992,4.75,0.0
0.56664413,0.09080866,4.609999999999998,5.0,0.0
0.55830073,0.098216124,3.8499999999999965,5.25,0.0
0.5531361,0.1042191,4.609999999999998,5.499999999999999,0.0
0.54409087,0.1111358,4.029999999999991,5.75,0.0
0.53784895,0.1181711,4.389999999999996,6.0,0.0
0.526942,0.1253171,4.359999999999987,6.250000000000002,0.0
0.515172,0.13295567,4.0699999999999985,6.500000000000001,0.0
0.50363106,0.13743475,4.5699999999999905,6.75,0.0
0.48287416,0.14239718,3.9599999999999898,7.000000000000001,0.0
0.45406502,0.13751657,4.459999999999997,7.25,0.0
0.38122147,0.11292047,4.0999999999999925,7.499999999999999,0.0
0.14577591,0.0019374285,4.209999999999987,7.75,0.0
-0.32308593,-0.2284747,4.459999999999997,8.0,0.0
-0.45756444,-0.39383247,19.8,8.250000000000002,0.0
-0.3526684,-0.47262666,20.199999999999996,8.5,0.0
-0.36781132,-0.6068134,6.98,8.750000000000002,0.0
-0.34561303,-0.71224123,9.139999999999997,9.0,0.0
-0.27595258,-0.6897815,9.579999999999988,9.250000000000002,1.0
-0.2874579,-0.6534787,9.139999999999997,9.5,1.0
-0.30145878,-0.60039717,10.149999999999995,9.749999999999998,1.0
-0.33964992,-0.569051,11.66,10.0,1.0
-0.37738162,-0.60195905,15.00999999999999,10.25,0.5
-0.36166418,-0.65380883,15.73,10.5,0.5
-0.34497154,-0.71561223,15.54999999999999,10.75,0.5
-0.30026472,-0.77236974,13.999999999999991,10.999999999999998,0.5
-0.2948256,-0.8124241,13.279999999999998,11.25,0.5
-0.25429592,-0.8772697,12.96,11.5,0.5
-0.16437224,-0.97423285,13.969999999999999,11.75,0.5
-0.14233118,-0.8978495,8.63999999999999,12.0,0.5
-0.21788788,-0.7591403,4.5699999999999905,12.25,1.0
-0.2959934,-0.67365617,5.10999999999999,12.5,1.0
-0.3811409,-0.5894832,4.429999999999988,12.749999999999998,1.0
-0.46127707,-0.5100336,4.459999999999997,12.999999999999998,1.0
-0.50495005,-0.45934713,21.1,13.25,1.0
-0.46216282,-0.4012107,32.0,13.5,1.0
-0.44604412,-0.36836833,30.95999999999999,13.75,1.0
-0.45921406,-0.365904,30.779999999999998,13.999999999999998,1.0
-0.4540815,-0.35339314,29.049999999999994,14.25,1.0
-0.4649079,-0.34845203,28.119999999999994,14.5,1.0
-0.47633877,-0.33731237,29.44999999999999,14.75,1.0
-0.48054254,-0.31897303,31.569999999999993,14.999999999999996,1.0
-0.47553396,-0.30602273,31.609999999999985,15.249999999999998,1.0
-0.47821224,-0.2941124,33.61999999999998,15.499999999999996,1.0
-0.47736016,-0.2645832,38.199999999999996,15.75,1.0
-0.49756876,-0.17624763,58.859999999999985,15.999999999999998,1.0
-0.44201273,-0.15857306,40.86,16.25,1.0
-0.4109128,-0.21748562,28.62,16.5,1.0
-0.33214235,-0.30704027,7.089999999999994,16.75,1.0
-0.32395527,-0.36280534,5.399999999999994,17.0,1.0
-0.23799513,-0.37472695,5.10999999999999,17.25,0.5
-0.13102736,-0.37636575,5.039999999999989,17.5,0.5
-0.025064558,-0.36992058,5.179999999999992,17.75,0.5
0.07839823,-0.34797356,5.039999999999989,18.0,0.5
0.17405981,-0.30530068,4.749999999999986,18.249999999999996,0.5
0.2578351,-0.25770375,4.749999999999986,18.5,0.5
0.32255,-0.21930502,4.929999999999995,18.75,0.5
0.36874253,-0.17545688,4.929999999999995,18.999999999999996,0.5
0.40152663,-0.13168518,4.969999999999986,19.25,0.5
0.42522192,-0.093324006,4.929999999999995,19.499999999999996,0.5
0.44146562,-0.06287396,4.969999999999986,19.75,0.5
0.4522891,-0.04270643,5.039999999999989,20.0,0.5
0.3682441,-0.008530771,4.969999999999986,20.249999999999996,1.0
0.3159427,0.026838267,4.929999999999995,20.499999999999996,1.0
0.29193187,0.054801248,4.929999999999995,20.75,1.0
0.2811799,0.073535,4.969999999999986,21.0,1.0
0.276398,0.08531798,4.9999999999999964,21.25,1.0
0.2764799,0.090107776,4.929999999999995,21.5,1.0
0.2805617,0.08963702,4.969999999999986,21.749999999999996,1.0
0.2873202,0.08576095,4.929999999999995,21.999999999999996,1.0
0.39188313,0.060061306,4.819999999999987,22.25,0.5
0.482512,0.052973256,4.609999999999998,22.5,0.5
0.5216855,0.04331959,4.5699999999999905,22.75,0.5
0.5343511,0.0393717,4.5699999999999905,22.999999999999996,0.5
0.59885275,0.034239657,4.499999999999989,23.249999999999996,0.0
0.62515247,0.02518137,4.609999999999998,23.5,0.0
0.6343812,0.01971239,4.5399999999999965,23.75,0.0
0.71538794,0.048669927,4.639999999999992,0.0,0.0
0.7074034,0.05947437,4.5399999999999965,0.2500000000000003,0.0
0.6986015,0.06564493,4.5699999999999905,0.49999999999999983,0.0
0.6911547,0.07415595,4.68,0.7499999999999997,0.0
0.6845027,0.08232155,4.609999999999998,1.0000000000000002,0.0
0.67716444,0.09117026,4.5699999999999905,1.2500000000000002,0.0
0.66947067,0.1001356,4.609999999999998,1.5000000000000002,0.0
0.6613523,0.10917268,4.609999999999998,1.7500000000000007,0.0
0.6540184,0.11759306,4.639999999999992,2.0,0.0
0.6476754,0.12542185,4.609999999999998,2.249999999999999,0.0
0.6413116,0.13278855,4.5699999999999905,2.5,0.0
0.6348525,0.13933021,4.609999999999998,2.7500000000000004,0.0
0.6283809,0.14497578,4.609999999999998,3.0,0.0
0.6226413,0.15092851,4.68,3.2500000000000004,0.0
0.6157938,0.1576332,4.639999999999992,3.5000000000000004,0.0
0.6068922,0.16455677,4.609999999999998,3.749999999999999,0.0
0.6001956,0.1700283,4.609999999999998,4.0,0.0
0.59240085,0.1759236,4.609999999999998,4.249999999999999,0.0
0.5849687,0.18135856,4.639999999999992,4.5,0.0
0.57698494,0.18700181,4.5699999999999905,4.75,0.0
0.56836194,0.19251162,4.609999999999998,5.0,0.0
0.5603019,0.1975369,4.429999999999988,5.25,0.0
0.55200076,0.20271243,4.029999999999991,5.499999999999999,0.0
0.545339,0.20606497,4.639999999999992,5.75,0.0
0.53581494,0.2109382,3.999999999999997,6.0,0.0
0.5238972,0.21633238,4.929999999999995,6.250000000000002,0.0
0.509625,0.2198413,5.399999999999994,6.500000000000001,0.0
0.4982956,0.22287087,5.0799999999999965,6.75,0.0
0.4806586,0.22786798,5.79999999999999,7.000000000000001,0.0
0.4646514,0.22477727,4.789999999999993,7.25,0.0
0.4225325,0.2182953,5.619999999999996,7.499999999999999,0.0
0.26138246,0.14614218,5.869999999999992,7.75,0.0
-0.44860703,-0.1772006,7.0199999999999925,8.0,0.0
-0.6042887,-0.3101479,36.96999999999999,8.250000000000002,0.0
-0.5483155,-0.22416465,84.92000000000002,8.5,0.0
-0.5090186,-0.16731025,82.07999999999998,8.750000000000002,0.0
-0.51033884,-0.13076296,86.98,9.0,0.0
-0.4796697,-0.115716115,89.53,9.250000000000002,1.0
-0.51440275,-0.07669638,88.99,9.5,1.0
-0.52060306,-0.05316624,87.91,9.749999999999998,1.0
-0.5384495,-0.020788832,109.58,10.0,1.0
-0.54418695,-0.013752652,80.1,10.25,0.5
-0.55485725,-0.024098163,105.84,10.5,0.5
-0.5514374,-0.017511858,91.87,10.75,0.5
-0.5798992,-0.026943622,84.92000000000002,10.999999999999998,0.5
-0.6010454,-0.0077180844,99.25,11.25,0.5
-0.63050425,0.01264474,84.49,11.5,0.5
-0.77315724,0.039697535,104.87000000000002,11.75,0.5
0.2025693,-1.5212872,120.53,12.0,0.5
0.05506432,-1.2580198,40.32,12.25,1.0
-0.20116548,-0.9052221,7.269999999999989,12.5,1.0
-0.42797506,-0.4767073,7.809999999999987,12.749999999999998,1.0
-1.0410615,0.19195358,7.809999999999987,12.999999999999998,1.0
-1.0481145,0.27677327,75.74,13.25,1.0
-1.0211474,0.33165812,146.27,13.5,1.0
-1.0005289,0.33851454,153.14,13.75,1.0
-0.94563025,0.3278934,124.34,13.999999999999998,1.0
-0.8684334,0.26879242,74.92,14.25,1.0
-0.82092786,0.18583457,69.98,14.5,1.0
-0.80710006,0.11648131,70.09,14.75,1.0
-0.7731967,0.0675995,59.21999999999999,14.999999999999996,1.0
-0.74463,0.0050557125,52.919999999999995,15.249999999999998,1.0
-0.74547637,-0.023796666,59.43999999999999,15.499999999999996,1.0
-0.7081444,-0.009225061,59.75999999999999,15.75,1.0
-0.6927286,-0.008598195,54.649999999999984,15.999999999999998,1.0
-0.6918076,-0.007092029,55.66,16.25,1.0
-0.681552,0.017102437,58.93,16.5,1.0
-0.6814364,0.055519305,66.13,16.75,1.0
-0.65598845,0.08268539,59.83,17.0,1.0
-0.6409392,0.075360484,55.61999999999998,17.25,0.5
-0.5678532,0.027238304,61.24,17.5,0.5
-0.49295798,-0.053423278,42.95,17.75,0.5
-0.49415624,-0.11201557,34.419999999999995,18.0,0.5
-0.57243645,-0.04361985,62.5,18.249999999999996,0.5
-0.52101505,0.010072449,71.64,18.5,0.5
-0.519022,0.043306492,72.83,18.75,0.5
-0.49220347,0.08317791,70.62999999999998,18.999999999999996,0.5
-0.47696662,0.13508444,72.94,19.25,0.5
-0.44496757,0.18412617,72.57999999999998,19.499999999999996,0.5
-0.40219647,0.22937824,68.54,19.75,0.5
-0.34660783,0.2718732,66.92,20.0,0.5
-0.36738095,0.34954402,79.09,20.249999999999996,1.0
-0.33181608,0.41150072,71.31999999999998,20.499999999999996,1.0
-0.2952479,0.5163797,59.68999999999998,20.75,1.0
-0.24641456,0.55786973,46.32999999999999,21.0,1.0
-0.0479663,0.49897215,8.959999999999988,21.25,1.0
0.14468983,0.3968653,5.5799999999999885,21.5,1.0
0.21759439,0.33233336,5.10999999999999,21.749999999999996,1.0
0.24053103,0.29021534,5.0799999999999965,21.999999999999996,1.0
0.32801318,0.25313148,4.969999999999986,22.25,0.5
0.42086452,0.21732037,4.789999999999993,22.5,0.5
0.47921842,0.17861731,4.789999999999993,22.75,0.5
0.5140548,0.1617127,4.68,22.999999999999996,0.5
0.5816642,0.14591844,4.68,23.249999999999996,0.0
0.6219425,0.12892373,4.609999999999998,23.5,0.0
0.64661944,0.117463075,4.639999999999992,23.75,0.0
0.63922095,0.116436385,4.68,0.0,0.0
0.6481801,0.10703436,4.5399999999999965,0.2500000000000003,0.0
0.6544914,0.101723514,4.68,0.49999999999999983,0.0
0.6587409,0.09821267,4.639999999999992,0.7499999999999997,0.0
0.65804017,0.09758816,4.639999999999992,1.0000000000000002,0.0
0.65561557,0.098821886,4.609999999999998,1.2500000000000002,0.0
0.65134776,0.10265701,4.639999999999992,1.5000000000000002,0.0
0.64457333,0.10914671,4.639999999999992,1.7500000000000007,0.0
0.638018,0.11651056,4.639999999999992,2.0,0.0
0.6316024,0.12320507,4.609999999999998,2.249999999999999,0.0
0.6276261,0.12832859,4.639999999999992,2.5,0.0
0.62313706,0.13353367,4.639999999999992,2.7500000000000004,0.0
0.6176654,0.13855556,4.719999999999991,3.0,0.0
0.6118125,0.14499734,4.609999999999998,3.2500000000000004,0.0
0.6036941,0.15191321,4.639999999999992,3.5000000000000004,0.0
0.5970758,0.1573862,4.609999999999998,3.749999999999999,0.0
0.5906137,0.1630657,4.639999999999992,4.0,0.0
0.58303547,0.16890427,4.68,4.249999999999999,0.0
0.5758168,0.17451322,4.5699999999999905,4.5,0.0
0.5684525,0.1801932,4.639999999999992,4.75,0.0
0.55998814,0.18603916,4.5699999999999905,5.0,0.0
0.5517012,0.19148391,4.609999999999998,5.25,0.0
0.5423577,0.19705881,4.609999999999998,5.499999999999999,0.0
0.533829,0.20180346,4.609999999999998,5.75,0.0
0.5238459,0.20708412,4.5699999999999905,6.0,0.0
0.51481795,0.21094148,4.5699999999999905,6.250000000000002,0.0
0.50597227,0.21447912,4.5699999999999905,6.500000000000001,0.0
0.49681044,0.21702296,4.719999999999991,6.75,0.0
0.4798094,0.22189905,4.639999999999992,7.000000000000001,0.0
0.45305514,0.22202416,4.5699999999999905,7.25,0.0
0.38787222,0.20531806,5.359999999999986,7.499999999999999,0.0
0.11595109,0.078339525,6.729999999999988,7.75,0.0
-0.511226,-0.22207324,13.609999999999994,8.0,0.0
-0.5806426,-0.29548928,50.15,8.250000000000002,0.0
-0.4892506,-0.2505138,65.51999999999998,8.5,0.0
-0.5030774,-0.22626063,78.62,8.750000000000002,0.0
-0.49722213,-0.1650873,91.58,9.0,0.0
-0.4819609,-0.12890665,91.58,9.250000000000002,1.0
-0.49986586,-0.07606917,98.82,9.5,1.0
-0.51233745,-0.052978247,82.37,9.749999999999998,1.0
-0.5073619,-0.0686148,75.56,10.0,1.0
-0.533528,-0.08303542,78.98,10.25,0.5
-0.53962016,-0.08030808,88.45,10.5,0.5
-0.5524484,-0.07319314,83.05,10.75,0.5
-0.5670472,-0.06726692,83.38,10.999999999999998,0.5
-0.57824016,-0.06835818,76.82,11.25,0.5
-0.67541003,-0.020626513,95.72,11.5,0.5
-0.7219197,-0.14427222,76.64,11.75,0.5
0.22537881,-1.6266745,92.66,12.0,0.5
0.040267825,-1.3382393,17.709999999999987,12.25,1.0
-0.21894817,-0.95084417,8.209999999999999,12.5,1.0
-0.43964672,-0.50626284,8.389999999999993,12.749999999999998,1.0
-0.94430834,0.015196988,8.889999999999988,12.999999999999998,1.0
-0.9321314,0.1075185,77.22,13.25,1.0
-0.8586924,0.14594449,91.69,13.5,1.0
-0.8329829,0.1482891,87.12,13.75,1.0
-0.7922495,0.13408045,77.98,13.999999999999998,1.0
-0.78239083,0.12520592,75.63999999999999,14.25,1.0
-0.772954,0.12303231,74.94999999999999,14.5,1.0
-0.79218835,0.162389,88.78,14.75,1.0
-0.76261413,0.16862999,71.42,14.999999999999996,1.0
-0.7547791,0.14493938,67.53999999999999,15.249999999999998,1.0
-0.7485478,0.14594738,80.21,15.499999999999996,1.0
-0.75161624,0.18014973,90.4,15.75,1.0
-0.7447766,0.20511965,76.14,15.999999999999998,1.0
-0.7337018,0.20898665,69.47999999999999,16.25,1.0
-0.72383,0.2095346,76.82,16.5,1.0
-0.70738864,0.21952908,80.95999999999998,16.75,1.0
-0.7111956,0.25529584,87.66,17.0,1.0
-0.71747434,0.28993684,91.98,17.25,0.5
-0.6449784,0.2478957,92.38,17.5,0.5
-0.5210694,0.10541762,55.68999999999999,17.75,0.5
-0.5609741,-0.061887734,34.38,18.0,0.5
-0.6910298,-0.050072245,49.79,18.249999999999996,0.5
-0.63204944,0.054076046,93.53,18.5,0.5
